[2026-05-11T02:46:44.914+0000] {manager.py:470} INFO - Processing files using up to 2 processes at a time 
[2026-05-11T02:46:44.915+0000] {manager.py:471} INFO - Process each file at most once every 30 seconds
[2026-05-11T02:46:44.916+0000] {manager.py:472} INFO - Checking for new files in /opt/airflow/dags every 300 seconds
[2026-05-11T02:46:44.917+0000] {manager.py:737} INFO - Searching for files in /opt/airflow/dags
[2026-05-11T02:46:44.919+0000] {manager.py:740} INFO - There are 0 files in /opt/airflow/dags
[2026-05-11T02:51:45.198+0000] {manager.py:737} INFO - Searching for files in /opt/airflow/dags
[2026-05-11T02:51:45.204+0000] {manager.py:740} INFO - There are 0 files in /opt/airflow/dags
[2026-05-11T02:56:45.445+0000] {manager.py:737} INFO - Searching for files in /opt/airflow/dags
[2026-05-11T02:56:45.449+0000] {manager.py:740} INFO - There are 0 files in /opt/airflow/dags
[2026-05-11T03:01:45.679+0000] {manager.py:737} INFO - Searching for files in /opt/airflow/dags
[2026-05-11T03:01:45.689+0000] {manager.py:740} INFO - There are 0 files in /opt/airflow/dags
[2026-05-11T03:06:45.926+0000] {manager.py:737} INFO - Searching for files in /opt/airflow/dags
[2026-05-11T03:06:45.932+0000] {manager.py:740} INFO - There are 0 files in /opt/airflow/dags
[2026-05-11T03:11:46.078+0000] {manager.py:737} INFO - Searching for files in /opt/airflow/dags
[2026-05-11T03:11:46.084+0000] {manager.py:740} INFO - There are 0 files in /opt/airflow/dags
[2026-05-11T03:16:46.316+0000] {manager.py:737} INFO - Searching for files in /opt/airflow/dags
[2026-05-11T03:16:46.320+0000] {manager.py:740} INFO - There are 0 files in /opt/airflow/dags
[2026-05-11T03:21:46.689+0000] {manager.py:737} INFO - Searching for files in /opt/airflow/dags
[2026-05-11T03:21:46.693+0000] {manager.py:740} INFO - There are 0 files in /opt/airflow/dags
[2026-05-11T03:26:46.911+0000] {manager.py:737} INFO - Searching for files in /opt/airflow/dags
[2026-05-11T03:26:46.917+0000] {manager.py:740} INFO - There are 0 files in /opt/airflow/dags
[2026-05-11T03:31:47.081+0000] {manager.py:737} INFO - Searching for files in /opt/airflow/dags
[2026-05-11T03:31:47.086+0000] {manager.py:740} INFO - There are 0 files in /opt/airflow/dags
[2026-05-11T03:36:47.256+0000] {manager.py:737} INFO - Searching for files in /opt/airflow/dags
[2026-05-11T03:36:47.261+0000] {manager.py:740} INFO - There are 0 files in /opt/airflow/dags
[2026-05-11T03:41:47.394+0000] {manager.py:737} INFO - Searching for files in /opt/airflow/dags
[2026-05-11T03:41:47.400+0000] {manager.py:740} INFO - There are 0 files in /opt/airflow/dags
[2026-05-11T03:46:47.551+0000] {manager.py:737} INFO - Searching for files in /opt/airflow/dags
[2026-05-11T03:46:47.557+0000] {manager.py:740} INFO - There are 0 files in /opt/airflow/dags
[2026-05-11T03:51:47.771+0000] {manager.py:737} INFO - Searching for files in /opt/airflow/dags
[2026-05-11T03:51:47.776+0000] {manager.py:740} INFO - There are 0 files in /opt/airflow/dags
[2026-05-11T03:56:47.915+0000] {manager.py:737} INFO - Searching for files in /opt/airflow/dags
[2026-05-11T03:56:47.920+0000] {manager.py:740} INFO - There are 0 files in /opt/airflow/dags
[2026-05-11T04:01:48.070+0000] {manager.py:737} INFO - Searching for files in /opt/airflow/dags
[2026-05-11T04:01:48.077+0000] {manager.py:740} INFO - There are 0 files in /opt/airflow/dags
[2026-05-11T04:06:48.202+0000] {manager.py:737} INFO - Searching for files in /opt/airflow/dags
[2026-05-11T04:06:48.205+0000] {manager.py:740} INFO - There are 0 files in /opt/airflow/dags
[2026-05-11T04:11:48.348+0000] {manager.py:737} INFO - Searching for files in /opt/airflow/dags
[2026-05-11T04:11:48.355+0000] {manager.py:740} INFO - There are 0 files in /opt/airflow/dags
[2026-05-11T04:16:48.472+0000] {manager.py:737} INFO - Searching for files in /opt/airflow/dags
[2026-05-11T04:16:48.476+0000] {manager.py:740} INFO - There are 0 files in /opt/airflow/dags
[2026-05-11T04:21:48.611+0000] {manager.py:737} INFO - Searching for files in /opt/airflow/dags
[2026-05-11T04:21:48.614+0000] {manager.py:740} INFO - There are 0 files in /opt/airflow/dags
[2026-05-11T09:36:49.561+0000] {manager.py:470} INFO - Processing files using up to 2 processes at a time 
[2026-05-11T09:36:49.563+0000] {manager.py:471} INFO - Process each file at most once every 30 seconds
[2026-05-11T09:36:49.563+0000] {manager.py:472} INFO - Checking for new files in /opt/airflow/dags every 300 seconds
[2026-05-11T09:36:49.564+0000] {manager.py:737} INFO - Searching for files in /opt/airflow/dags
[2026-05-11T09:36:49.567+0000] {manager.py:740} INFO - There are 0 files in /opt/airflow/dags
[2026-05-11T09:41:49.709+0000] {manager.py:737} INFO - Searching for files in /opt/airflow/dags
[2026-05-11T09:41:49.712+0000] {manager.py:740} INFO - There are 0 files in /opt/airflow/dags
[2026-05-11T09:46:49.825+0000] {manager.py:737} INFO - Searching for files in /opt/airflow/dags
[2026-05-11T09:46:49.828+0000] {manager.py:740} INFO - There are 0 files in /opt/airflow/dags
[2026-05-11T09:51:49.994+0000] {manager.py:737} INFO - Searching for files in /opt/airflow/dags
[2026-05-11T09:51:50.000+0000] {manager.py:740} INFO - There are 0 files in /opt/airflow/dags
[2026-05-11T09:56:50.329+0000] {manager.py:737} INFO - Searching for files in /opt/airflow/dags
[2026-05-11T09:56:50.335+0000] {manager.py:740} INFO - There are 0 files in /opt/airflow/dags
[2026-05-11T13:26:10.992+0000] {manager.py:470} INFO - Processing files using up to 2 processes at a time 
[2026-05-11T13:26:10.993+0000] {manager.py:471} INFO - Process each file at most once every 30 seconds
[2026-05-11T13:26:10.994+0000] {manager.py:472} INFO - Checking for new files in /opt/airflow/dags every 300 seconds
[2026-05-11T13:26:10.996+0000] {manager.py:737} INFO - Searching for files in /opt/airflow/dags
[2026-05-11T13:26:10.998+0000] {manager.py:740} INFO - There are 0 files in /opt/airflow/dags
[2026-05-11T13:35:43.918+0000] {manager.py:470} INFO - Processing files using up to 2 processes at a time 
[2026-05-11T13:35:43.919+0000] {manager.py:471} INFO - Process each file at most once every 30 seconds
[2026-05-11T13:35:43.920+0000] {manager.py:472} INFO - Checking for new files in /opt/airflow/dags every 300 seconds
[2026-05-11T13:35:43.921+0000] {manager.py:737} INFO - Searching for files in /opt/airflow/dags
[2026-05-11T13:35:43.923+0000] {manager.py:740} INFO - There are 0 files in /opt/airflow/dags
[2026-05-11T13:46:17.934+0000] {manager.py:470} INFO - Processing files using up to 2 processes at a time 
[2026-05-11T13:46:17.935+0000] {manager.py:471} INFO - Process each file at most once every 30 seconds
[2026-05-11T13:46:17.936+0000] {manager.py:472} INFO - Checking for new files in /opt/airflow/dags every 300 seconds
[2026-05-11T13:46:17.937+0000] {manager.py:737} INFO - Searching for files in /opt/airflow/dags
[2026-05-11T13:46:17.941+0000] {manager.py:740} INFO - There are 0 files in /opt/airflow/dags
[2026-05-11T13:51:18.134+0000] {manager.py:737} INFO - Searching for files in /opt/airflow/dags
[2026-05-11T13:51:18.137+0000] {manager.py:740} INFO - There are 0 files in /opt/airflow/dags
[2026-05-11T13:53:51.925+0000] {manager.py:452} INFO - Exiting gracefully upon receiving signal 15
[2026-05-11T13:54:36.678+0000] {manager.py:470} INFO - Processing files using up to 2 processes at a time 
[2026-05-11T13:54:36.680+0000] {manager.py:471} INFO - Process each file at most once every 30 seconds
[2026-05-11T13:54:36.681+0000] {manager.py:472} INFO - Checking for new files in /opt/airflow/dags every 300 seconds
[2026-05-11T13:54:36.682+0000] {manager.py:737} INFO - Searching for files in /opt/airflow/dags
[2026-05-11T13:54:36.686+0000] {manager.py:740} INFO - There are 0 files in /opt/airflow/dags
[2026-05-11T13:56:32.952+0000] {manager.py:470} INFO - Processing files using up to 2 processes at a time 
[2026-05-11T13:56:32.953+0000] {manager.py:471} INFO - Process each file at most once every 30 seconds
[2026-05-11T13:56:32.954+0000] {manager.py:472} INFO - Checking for new files in /opt/airflow/dags every 300 seconds
[2026-05-11T13:56:32.955+0000] {manager.py:737} INFO - Searching for files in /opt/airflow/dags
[2026-05-11T13:56:32.958+0000] {manager.py:740} INFO - There are 0 files in /opt/airflow/dags
[2026-05-11T14:01:33.128+0000] {manager.py:737} INFO - Searching for files in /opt/airflow/dags
[2026-05-11T14:01:33.134+0000] {manager.py:740} INFO - There are 0 files in /opt/airflow/dags
[2026-05-11T14:06:33.304+0000] {manager.py:737} INFO - Searching for files in /opt/airflow/dags
[2026-05-11T14:06:33.310+0000] {manager.py:740} INFO - There are 0 files in /opt/airflow/dags
[2026-05-11T14:11:33.544+0000] {manager.py:737} INFO - Searching for files in /opt/airflow/dags
[2026-05-11T14:11:33.548+0000] {manager.py:740} INFO - There are 0 files in /opt/airflow/dags
[2026-05-11T14:16:33.755+0000] {manager.py:737} INFO - Searching for files in /opt/airflow/dags
[2026-05-11T14:16:33.760+0000] {manager.py:740} INFO - There are 0 files in /opt/airflow/dags
[2026-05-11T14:21:33.983+0000] {manager.py:737} INFO - Searching for files in /opt/airflow/dags
[2026-05-11T14:21:33.988+0000] {manager.py:740} INFO - There are 0 files in /opt/airflow/dags
[2026-05-11T14:26:34.203+0000] {manager.py:737} INFO - Searching for files in /opt/airflow/dags
[2026-05-11T14:26:34.211+0000] {manager.py:740} INFO - There are 0 files in /opt/airflow/dags
[2026-05-11T14:31:34.428+0000] {manager.py:737} INFO - Searching for files in /opt/airflow/dags
[2026-05-11T14:31:34.433+0000] {manager.py:740} INFO - There are 0 files in /opt/airflow/dags
[2026-05-11T14:36:34.589+0000] {manager.py:737} INFO - Searching for files in /opt/airflow/dags
[2026-05-11T14:36:34.595+0000] {manager.py:740} INFO - There are 0 files in /opt/airflow/dags
[2026-05-11T14:41:34.908+0000] {manager.py:737} INFO - Searching for files in /opt/airflow/dags
[2026-05-11T14:41:34.914+0000] {manager.py:740} INFO - There are 0 files in /opt/airflow/dags
[2026-05-11T14:46:35.108+0000] {manager.py:737} INFO - Searching for files in /opt/airflow/dags
[2026-05-11T14:46:35.113+0000] {manager.py:740} INFO - There are 0 files in /opt/airflow/dags
[2026-05-11T14:51:35.298+0000] {manager.py:737} INFO - Searching for files in /opt/airflow/dags
[2026-05-11T14:51:35.305+0000] {manager.py:740} INFO - There are 0 files in /opt/airflow/dags
[2026-05-11T14:56:35.504+0000] {manager.py:737} INFO - Searching for files in /opt/airflow/dags
[2026-05-11T14:56:35.508+0000] {manager.py:740} INFO - There are 0 files in /opt/airflow/dags
[2026-05-11T15:01:35.732+0000] {manager.py:737} INFO - Searching for files in /opt/airflow/dags
[2026-05-11T15:01:35.739+0000] {manager.py:740} INFO - There are 0 files in /opt/airflow/dags
[2026-05-11T15:06:35.959+0000] {manager.py:737} INFO - Searching for files in /opt/airflow/dags
[2026-05-11T15:06:35.962+0000] {manager.py:740} INFO - There are 0 files in /opt/airflow/dags
[2026-05-11T15:11:36.177+0000] {manager.py:737} INFO - Searching for files in /opt/airflow/dags
[2026-05-11T15:11:36.182+0000] {manager.py:740} INFO - There are 0 files in /opt/airflow/dags
[2026-05-11T15:16:36.381+0000] {manager.py:737} INFO - Searching for files in /opt/airflow/dags
[2026-05-11T15:16:36.385+0000] {manager.py:740} INFO - There are 0 files in /opt/airflow/dags
[2026-05-11T15:21:36.610+0000] {manager.py:737} INFO - Searching for files in /opt/airflow/dags
[2026-05-11T15:21:36.613+0000] {manager.py:740} INFO - There are 0 files in /opt/airflow/dags
[2026-05-11T15:26:36.830+0000] {manager.py:737} INFO - Searching for files in /opt/airflow/dags
[2026-05-11T15:26:36.835+0000] {manager.py:740} INFO - There are 0 files in /opt/airflow/dags
[2026-05-11T15:31:37.010+0000] {manager.py:737} INFO - Searching for files in /opt/airflow/dags
[2026-05-11T15:31:37.015+0000] {manager.py:740} INFO - There are 0 files in /opt/airflow/dags
[2026-05-11T15:36:37.264+0000] {manager.py:737} INFO - Searching for files in /opt/airflow/dags
[2026-05-11T15:36:37.274+0000] {manager.py:740} INFO - There are 0 files in /opt/airflow/dags
[2026-05-11T15:41:37.551+0000] {manager.py:737} INFO - Searching for files in /opt/airflow/dags
[2026-05-11T15:41:37.555+0000] {manager.py:740} INFO - There are 0 files in /opt/airflow/dags
[2026-05-11T15:46:37.733+0000] {manager.py:737} INFO - Searching for files in /opt/airflow/dags
[2026-05-11T15:46:37.736+0000] {manager.py:740} INFO - There are 0 files in /opt/airflow/dags
[2026-05-11T15:51:37.913+0000] {manager.py:737} INFO - Searching for files in /opt/airflow/dags
[2026-05-11T15:51:37.915+0000] {manager.py:740} INFO - There are 0 files in /opt/airflow/dags
[2026-05-12T01:34:03.626+0000] {manager.py:470} INFO - Processing files using up to 2 processes at a time 
[2026-05-12T01:34:03.628+0000] {manager.py:471} INFO - Process each file at most once every 30 seconds
[2026-05-12T01:34:03.628+0000] {manager.py:472} INFO - Checking for new files in /opt/airflow/dags every 300 seconds
[2026-05-12T01:34:03.629+0000] {manager.py:737} INFO - Searching for files in /opt/airflow/dags
[2026-05-12T01:34:03.632+0000] {manager.py:740} INFO - There are 0 files in /opt/airflow/dags
[2026-05-12T01:39:03.851+0000] {manager.py:737} INFO - Searching for files in /opt/airflow/dags
[2026-05-12T01:39:03.854+0000] {manager.py:740} INFO - There are 0 files in /opt/airflow/dags
[2026-05-12T01:44:04.097+0000] {manager.py:737} INFO - Searching for files in /opt/airflow/dags
[2026-05-12T01:44:04.101+0000] {manager.py:740} INFO - There are 0 files in /opt/airflow/dags
[2026-05-12T01:49:04.258+0000] {manager.py:737} INFO - Searching for files in /opt/airflow/dags
[2026-05-12T01:49:04.262+0000] {manager.py:740} INFO - There are 0 files in /opt/airflow/dags
[2026-05-12T01:54:04.428+0000] {manager.py:737} INFO - Searching for files in /opt/airflow/dags
[2026-05-12T01:54:04.432+0000] {manager.py:740} INFO - There are 0 files in /opt/airflow/dags
[2026-05-12T01:59:04.716+0000] {manager.py:737} INFO - Searching for files in /opt/airflow/dags
[2026-05-12T01:59:04.720+0000] {manager.py:740} INFO - There are 0 files in /opt/airflow/dags
[2026-05-12T02:04:04.959+0000] {manager.py:737} INFO - Searching for files in /opt/airflow/dags
[2026-05-12T02:04:04.966+0000] {manager.py:740} INFO - There are 0 files in /opt/airflow/dags
[2026-05-12T02:09:05.550+0000] {manager.py:737} INFO - Searching for files in /opt/airflow/dags
[2026-05-12T02:09:05.557+0000] {manager.py:740} INFO - There are 0 files in /opt/airflow/dags
[2026-05-12T02:14:06.108+0000] {manager.py:737} INFO - Searching for files in /opt/airflow/dags
[2026-05-12T02:14:06.113+0000] {manager.py:740} INFO - There are 0 files in /opt/airflow/dags
[2026-05-12T02:19:06.600+0000] {manager.py:737} INFO - Searching for files in /opt/airflow/dags
[2026-05-12T02:19:06.605+0000] {manager.py:740} INFO - There are 0 files in /opt/airflow/dags
[2026-05-12T02:24:06.841+0000] {manager.py:737} INFO - Searching for files in /opt/airflow/dags
[2026-05-12T02:24:06.846+0000] {manager.py:740} INFO - There are 0 files in /opt/airflow/dags
[2026-05-12T02:29:07.014+0000] {manager.py:737} INFO - Searching for files in /opt/airflow/dags
[2026-05-12T02:29:07.018+0000] {manager.py:740} INFO - There are 0 files in /opt/airflow/dags
[2026-05-12T02:34:07.207+0000] {manager.py:737} INFO - Searching for files in /opt/airflow/dags
[2026-05-12T02:34:07.210+0000] {manager.py:740} INFO - There are 0 files in /opt/airflow/dags
[2026-05-12T02:39:07.447+0000] {manager.py:737} INFO - Searching for files in /opt/airflow/dags
[2026-05-12T02:39:07.452+0000] {manager.py:740} INFO - There are 0 files in /opt/airflow/dags
[2026-05-12T02:44:07.915+0000] {manager.py:737} INFO - Searching for files in /opt/airflow/dags
[2026-05-12T02:44:07.921+0000] {manager.py:740} INFO - There are 0 files in /opt/airflow/dags
[2026-05-12T02:49:08.181+0000] {manager.py:737} INFO - Searching for files in /opt/airflow/dags
[2026-05-12T02:49:08.189+0000] {manager.py:740} INFO - There are 0 files in /opt/airflow/dags
[2026-05-12T02:54:08.948+0000] {manager.py:737} INFO - Searching for files in /opt/airflow/dags
[2026-05-12T02:54:08.954+0000] {manager.py:740} INFO - There are 0 files in /opt/airflow/dags
[2026-05-12T02:59:09.609+0000] {manager.py:737} INFO - Searching for files in /opt/airflow/dags
[2026-05-12T02:59:09.618+0000] {manager.py:740} INFO - There are 0 files in /opt/airflow/dags
[2026-05-12T03:04:10.471+0000] {manager.py:737} INFO - Searching for files in /opt/airflow/dags
[2026-05-12T03:04:10.481+0000] {manager.py:740} INFO - There are 0 files in /opt/airflow/dags
[2026-05-12T03:09:11.380+0000] {manager.py:737} INFO - Searching for files in /opt/airflow/dags
[2026-05-12T03:09:11.391+0000] {manager.py:740} INFO - There are 0 files in /opt/airflow/dags
[2026-05-12T03:14:12.198+0000] {manager.py:737} INFO - Searching for files in /opt/airflow/dags
[2026-05-12T03:14:12.208+0000] {manager.py:740} INFO - There are 0 files in /opt/airflow/dags
[2026-05-12T03:19:12.487+0000] {manager.py:737} INFO - Searching for files in /opt/airflow/dags
[2026-05-12T03:19:12.490+0000] {manager.py:740} INFO - There are 0 files in /opt/airflow/dags
[2026-05-12T03:24:12.736+0000] {manager.py:737} INFO - Searching for files in /opt/airflow/dags
[2026-05-12T03:24:12.740+0000] {manager.py:740} INFO - There are 0 files in /opt/airflow/dags
[2026-05-12T03:29:13.239+0000] {manager.py:737} INFO - Searching for files in /opt/airflow/dags
[2026-05-12T03:29:13.246+0000] {manager.py:740} INFO - There are 0 files in /opt/airflow/dags
[2026-05-12T03:34:13.428+0000] {manager.py:737} INFO - Searching for files in /opt/airflow/dags
[2026-05-12T03:34:13.433+0000] {manager.py:740} INFO - There are 0 files in /opt/airflow/dags
[2026-05-12T03:39:13.692+0000] {manager.py:737} INFO - Searching for files in /opt/airflow/dags
[2026-05-12T03:39:13.697+0000] {manager.py:740} INFO - There are 0 files in /opt/airflow/dags
[2026-05-12T03:44:13.843+0000] {manager.py:737} INFO - Searching for files in /opt/airflow/dags
[2026-05-12T03:44:13.847+0000] {manager.py:740} INFO - There are 0 files in /opt/airflow/dags
[2026-05-12T03:49:14.018+0000] {manager.py:737} INFO - Searching for files in /opt/airflow/dags
[2026-05-12T03:49:14.025+0000] {manager.py:740} INFO - There are 0 files in /opt/airflow/dags
[2026-05-12T03:54:14.206+0000] {manager.py:737} INFO - Searching for files in /opt/airflow/dags
[2026-05-12T03:54:14.211+0000] {manager.py:740} INFO - There are 0 files in /opt/airflow/dags
[2026-05-12T03:59:14.409+0000] {manager.py:737} INFO - Searching for files in /opt/airflow/dags
[2026-05-12T03:59:14.412+0000] {manager.py:740} INFO - There are 0 files in /opt/airflow/dags
[2026-05-12T04:04:14.576+0000] {manager.py:737} INFO - Searching for files in /opt/airflow/dags
[2026-05-12T04:04:14.582+0000] {manager.py:740} INFO - There are 0 files in /opt/airflow/dags
[2026-05-12T07:54:05.889+0000] {manager.py:470} INFO - Processing files using up to 2 processes at a time 
[2026-05-12T07:54:05.890+0000] {manager.py:471} INFO - Process each file at most once every 30 seconds
[2026-05-12T07:54:05.893+0000] {manager.py:472} INFO - Checking for new files in /opt/airflow/dags every 300 seconds
[2026-05-12T07:54:05.894+0000] {manager.py:737} INFO - Searching for files in /opt/airflow/dags
[2026-05-12T07:54:05.898+0000] {manager.py:740} INFO - There are 0 files in /opt/airflow/dags
[2026-05-12T07:59:06.076+0000] {manager.py:737} INFO - Searching for files in /opt/airflow/dags
[2026-05-12T07:59:06.081+0000] {manager.py:740} INFO - There are 0 files in /opt/airflow/dags
[2026-05-12T08:04:06.332+0000] {manager.py:737} INFO - Searching for files in /opt/airflow/dags
[2026-05-12T08:04:06.336+0000] {manager.py:740} INFO - There are 0 files in /opt/airflow/dags
[2026-05-12T08:09:06.546+0000] {manager.py:737} INFO - Searching for files in /opt/airflow/dags
[2026-05-12T08:09:06.551+0000] {manager.py:740} INFO - There are 0 files in /opt/airflow/dags
[2026-05-12T08:14:06.728+0000] {manager.py:737} INFO - Searching for files in /opt/airflow/dags
[2026-05-12T08:14:06.733+0000] {manager.py:740} INFO - There are 0 files in /opt/airflow/dags
[2026-05-12T08:19:06.917+0000] {manager.py:737} INFO - Searching for files in /opt/airflow/dags
[2026-05-12T08:19:06.923+0000] {manager.py:740} INFO - There are 0 files in /opt/airflow/dags
[2026-05-12T08:24:07.127+0000] {manager.py:737} INFO - Searching for files in /opt/airflow/dags
[2026-05-12T08:24:07.130+0000] {manager.py:740} INFO - There are 0 files in /opt/airflow/dags
[2026-05-12T08:33:51.688+0000] {manager.py:470} INFO - Processing files using up to 2 processes at a time 
[2026-05-12T08:33:51.690+0000] {manager.py:471} INFO - Process each file at most once every 30 seconds
[2026-05-12T08:33:51.691+0000] {manager.py:472} INFO - Checking for new files in /opt/airflow/dags every 300 seconds
[2026-05-12T08:33:51.691+0000] {manager.py:737} INFO - Searching for files in /opt/airflow/dags
[2026-05-12T08:33:51.694+0000] {manager.py:740} INFO - There are 0 files in /opt/airflow/dags
[2026-05-12T08:38:51.893+0000] {manager.py:737} INFO - Searching for files in /opt/airflow/dags
[2026-05-12T08:38:51.898+0000] {manager.py:740} INFO - There are 0 files in /opt/airflow/dags
[2026-05-12T08:43:52.093+0000] {manager.py:737} INFO - Searching for files in /opt/airflow/dags
[2026-05-12T08:43:52.096+0000] {manager.py:740} INFO - There are 0 files in /opt/airflow/dags
[2026-05-12T08:48:52.252+0000] {manager.py:737} INFO - Searching for files in /opt/airflow/dags
[2026-05-12T08:48:52.259+0000] {manager.py:740} INFO - There are 0 files in /opt/airflow/dags
[2026-05-12T08:53:52.429+0000] {manager.py:737} INFO - Searching for files in /opt/airflow/dags
[2026-05-12T08:53:52.432+0000] {manager.py:740} INFO - There are 0 files in /opt/airflow/dags
[2026-05-12T08:59:04.706+0000] {manager.py:470} INFO - Processing files using up to 2 processes at a time 
[2026-05-12T08:59:04.708+0000] {manager.py:471} INFO - Process each file at most once every 30 seconds
[2026-05-12T08:59:04.708+0000] {manager.py:472} INFO - Checking for new files in /opt/airflow/dags every 300 seconds
[2026-05-12T08:59:04.709+0000] {manager.py:737} INFO - Searching for files in /opt/airflow/dags
[2026-05-12T08:59:04.712+0000] {manager.py:740} INFO - There are 0 files in /opt/airflow/dags
[2026-05-12T09:01:49.897+0000] {manager.py:470} INFO - Processing files using up to 2 processes at a time 
[2026-05-12T09:01:49.898+0000] {manager.py:471} INFO - Process each file at most once every 30 seconds
[2026-05-12T09:01:49.899+0000] {manager.py:472} INFO - Checking for new files in /opt/airflow/dags every 300 seconds
[2026-05-12T09:01:49.900+0000] {manager.py:737} INFO - Searching for files in /opt/airflow/dags
[2026-05-12T09:01:49.903+0000] {manager.py:740} INFO - There are 0 files in /opt/airflow/dags
[2026-05-12T09:06:50.232+0000] {manager.py:737} INFO - Searching for files in /opt/airflow/dags
[2026-05-12T09:06:50.239+0000] {manager.py:740} INFO - There are 0 files in /opt/airflow/dags
[2026-05-12T09:09:18.151+0000] {manager.py:470} INFO - Processing files using up to 2 processes at a time 
[2026-05-12T09:09:18.153+0000] {manager.py:471} INFO - Process each file at most once every 30 seconds
[2026-05-12T09:09:18.153+0000] {manager.py:472} INFO - Checking for new files in /opt/airflow/dags every 300 seconds
[2026-05-12T09:09:18.154+0000] {manager.py:737} INFO - Searching for files in /opt/airflow/dags
[2026-05-12T09:09:18.157+0000] {manager.py:740} INFO - There are 0 files in /opt/airflow/dags
[2026-05-12T09:14:18.318+0000] {manager.py:737} INFO - Searching for files in /opt/airflow/dags
[2026-05-12T09:14:18.325+0000] {manager.py:740} INFO - There are 0 files in /opt/airflow/dags
[2026-05-12T09:19:18.575+0000] {manager.py:737} INFO - Searching for files in /opt/airflow/dags
[2026-05-12T09:19:18.580+0000] {manager.py:740} INFO - There are 0 files in /opt/airflow/dags
[2026-05-12T09:24:18.840+0000] {manager.py:737} INFO - Searching for files in /opt/airflow/dags
[2026-05-12T09:24:18.845+0000] {manager.py:740} INFO - There are 0 files in /opt/airflow/dags
[2026-05-12T09:29:19.038+0000] {manager.py:737} INFO - Searching for files in /opt/airflow/dags
[2026-05-12T09:29:19.043+0000] {manager.py:740} INFO - There are 0 files in /opt/airflow/dags
[2026-05-12T13:52:42.010+0000] {manager.py:470} INFO - Processing files using up to 2 processes at a time 
[2026-05-12T13:52:42.011+0000] {manager.py:471} INFO - Process each file at most once every 30 seconds
[2026-05-12T13:52:42.012+0000] {manager.py:472} INFO - Checking for new files in /opt/airflow/dags every 300 seconds
[2026-05-12T13:52:42.013+0000] {manager.py:737} INFO - Searching for files in /opt/airflow/dags
[2026-05-12T13:52:42.016+0000] {manager.py:740} INFO - There are 0 files in /opt/airflow/dags
[2026-05-12T13:57:42.201+0000] {manager.py:737} INFO - Searching for files in /opt/airflow/dags
[2026-05-12T13:57:42.205+0000] {manager.py:740} INFO - There are 0 files in /opt/airflow/dags
[2026-05-12T14:02:42.348+0000] {manager.py:737} INFO - Searching for files in /opt/airflow/dags
[2026-05-12T14:02:42.350+0000] {manager.py:740} INFO - There are 0 files in /opt/airflow/dags
[2026-05-12T14:07:42.510+0000] {manager.py:737} INFO - Searching for files in /opt/airflow/dags
[2026-05-12T14:07:42.516+0000] {manager.py:740} INFO - There are 0 files in /opt/airflow/dags
[2026-05-12T14:12:42.690+0000] {manager.py:737} INFO - Searching for files in /opt/airflow/dags
[2026-05-12T14:12:42.697+0000] {manager.py:740} INFO - There are 0 files in /opt/airflow/dags
[2026-05-12T14:17:42.950+0000] {manager.py:737} INFO - Searching for files in /opt/airflow/dags
[2026-05-12T14:17:42.960+0000] {manager.py:740} INFO - There are 0 files in /opt/airflow/dags
[2026-05-12T14:22:43.207+0000] {manager.py:737} INFO - Searching for files in /opt/airflow/dags
[2026-05-12T14:22:43.212+0000] {manager.py:740} INFO - There are 0 files in /opt/airflow/dags
[2026-05-12T14:27:43.432+0000] {manager.py:737} INFO - Searching for files in /opt/airflow/dags
[2026-05-12T14:27:43.435+0000] {manager.py:740} INFO - There are 0 files in /opt/airflow/dags
[2026-05-12T14:32:43.665+0000] {manager.py:737} INFO - Searching for files in /opt/airflow/dags
[2026-05-12T14:32:43.668+0000] {manager.py:740} INFO - There are 0 files in /opt/airflow/dags
[2026-05-12T14:37:43.944+0000] {manager.py:737} INFO - Searching for files in /opt/airflow/dags
[2026-05-12T14:37:43.949+0000] {manager.py:740} INFO - There are 0 files in /opt/airflow/dags
[2026-05-12T14:42:44.267+0000] {manager.py:737} INFO - Searching for files in /opt/airflow/dags
[2026-05-12T14:42:44.275+0000] {manager.py:740} INFO - There are 0 files in /opt/airflow/dags
[2026-05-12T14:47:44.464+0000] {manager.py:737} INFO - Searching for files in /opt/airflow/dags
[2026-05-12T14:47:44.468+0000] {manager.py:740} INFO - There are 0 files in /opt/airflow/dags
[2026-05-12T14:52:44.668+0000] {manager.py:737} INFO - Searching for files in /opt/airflow/dags
[2026-05-12T14:52:44.674+0000] {manager.py:740} INFO - There are 0 files in /opt/airflow/dags
[2026-05-12T14:57:44.988+0000] {manager.py:737} INFO - Searching for files in /opt/airflow/dags
[2026-05-12T14:57:44.998+0000] {manager.py:740} INFO - There are 0 files in /opt/airflow/dags
[2026-05-12T15:02:45.429+0000] {manager.py:737} INFO - Searching for files in /opt/airflow/dags
[2026-05-12T15:02:45.432+0000] {manager.py:740} INFO - There are 0 files in /opt/airflow/dags
[2026-05-12T15:07:45.726+0000] {manager.py:737} INFO - Searching for files in /opt/airflow/dags
[2026-05-12T15:07:45.728+0000] {manager.py:740} INFO - There are 0 files in /opt/airflow/dags
[2026-05-12T15:12:46.001+0000] {manager.py:737} INFO - Searching for files in /opt/airflow/dags
[2026-05-12T15:12:46.006+0000] {manager.py:740} INFO - There are 0 files in /opt/airflow/dags
[2026-05-12T15:17:46.335+0000] {manager.py:737} INFO - Searching for files in /opt/airflow/dags
[2026-05-12T15:17:46.339+0000] {manager.py:740} INFO - There are 0 files in /opt/airflow/dags
[2026-05-12T15:22:46.673+0000] {manager.py:737} INFO - Searching for files in /opt/airflow/dags
[2026-05-12T15:22:46.682+0000] {manager.py:740} INFO - There are 0 files in /opt/airflow/dags
[2026-05-12T15:27:47.037+0000] {manager.py:737} INFO - Searching for files in /opt/airflow/dags
[2026-05-12T15:27:47.045+0000] {manager.py:740} INFO - There are 0 files in /opt/airflow/dags
[2026-05-12T15:32:47.475+0000] {manager.py:737} INFO - Searching for files in /opt/airflow/dags
[2026-05-12T15:32:47.482+0000] {manager.py:740} INFO - There are 0 files in /opt/airflow/dags
[2026-05-12T15:37:47.721+0000] {manager.py:737} INFO - Searching for files in /opt/airflow/dags
[2026-05-12T15:37:47.724+0000] {manager.py:740} INFO - There are 0 files in /opt/airflow/dags
[2026-05-12T15:42:47.959+0000] {manager.py:737} INFO - Searching for files in /opt/airflow/dags
[2026-05-12T15:42:47.964+0000] {manager.py:740} INFO - There are 0 files in /opt/airflow/dags
[2026-05-12T15:47:48.233+0000] {manager.py:737} INFO - Searching for files in /opt/airflow/dags
[2026-05-12T15:47:48.237+0000] {manager.py:740} INFO - There are 0 files in /opt/airflow/dags
[2026-05-12T15:52:48.585+0000] {manager.py:737} INFO - Searching for files in /opt/airflow/dags
[2026-05-12T15:52:48.591+0000] {manager.py:740} INFO - There are 0 files in /opt/airflow/dags
[2026-05-12T15:57:48.979+0000] {manager.py:737} INFO - Searching for files in /opt/airflow/dags
[2026-05-12T15:57:48.982+0000] {manager.py:740} INFO - There are 0 files in /opt/airflow/dags
[2026-05-13T01:00:53.641+0000] {manager.py:470} INFO - Processing files using up to 2 processes at a time 
[2026-05-13T01:00:53.643+0000] {manager.py:471} INFO - Process each file at most once every 30 seconds
[2026-05-13T01:00:53.645+0000] {manager.py:472} INFO - Checking for new files in /opt/airflow/dags every 300 seconds
[2026-05-13T01:00:53.646+0000] {manager.py:737} INFO - Searching for files in /opt/airflow/dags
[2026-05-13T01:00:53.650+0000] {manager.py:740} INFO - There are 0 files in /opt/airflow/dags
[2026-05-13T01:05:53.837+0000] {manager.py:737} INFO - Searching for files in /opt/airflow/dags
[2026-05-13T01:05:53.843+0000] {manager.py:740} INFO - There are 0 files in /opt/airflow/dags
[2026-05-13T01:10:53.999+0000] {manager.py:737} INFO - Searching for files in /opt/airflow/dags
[2026-05-13T01:10:54.004+0000] {manager.py:740} INFO - There are 0 files in /opt/airflow/dags
[2026-05-13T01:15:54.305+0000] {manager.py:737} INFO - Searching for files in /opt/airflow/dags
[2026-05-13T01:15:54.310+0000] {manager.py:740} INFO - There are 0 files in /opt/airflow/dags
[2026-05-13T01:20:54.493+0000] {manager.py:737} INFO - Searching for files in /opt/airflow/dags
[2026-05-13T01:20:54.497+0000] {manager.py:740} INFO - There are 0 files in /opt/airflow/dags
[2026-05-13T01:25:54.700+0000] {manager.py:737} INFO - Searching for files in /opt/airflow/dags
[2026-05-13T01:25:54.707+0000] {manager.py:740} INFO - There are 0 files in /opt/airflow/dags
[2026-05-13T01:30:54.967+0000] {manager.py:737} INFO - Searching for files in /opt/airflow/dags
[2026-05-13T01:30:54.972+0000] {manager.py:740} INFO - There are 0 files in /opt/airflow/dags
[2026-05-13T01:35:55.284+0000] {manager.py:737} INFO - Searching for files in /opt/airflow/dags
[2026-05-13T01:35:55.290+0000] {manager.py:740} INFO - There are 0 files in /opt/airflow/dags
[2026-05-13T01:40:55.501+0000] {manager.py:737} INFO - Searching for files in /opt/airflow/dags
[2026-05-13T01:40:55.507+0000] {manager.py:740} INFO - There are 0 files in /opt/airflow/dags
[2026-05-13T01:45:55.768+0000] {manager.py:737} INFO - Searching for files in /opt/airflow/dags
[2026-05-13T01:45:55.773+0000] {manager.py:740} INFO - There are 0 files in /opt/airflow/dags
[2026-05-13T01:50:56.013+0000] {manager.py:737} INFO - Searching for files in /opt/airflow/dags
[2026-05-13T01:50:56.016+0000] {manager.py:740} INFO - There are 0 files in /opt/airflow/dags
[2026-05-13T01:55:56.202+0000] {manager.py:737} INFO - Searching for files in /opt/airflow/dags
[2026-05-13T01:55:56.205+0000] {manager.py:740} INFO - There are 0 files in /opt/airflow/dags
[2026-05-13T02:00:56.383+0000] {manager.py:737} INFO - Searching for files in /opt/airflow/dags
[2026-05-13T02:00:56.388+0000] {manager.py:740} INFO - There are 0 files in /opt/airflow/dags
[2026-05-13T02:05:56.564+0000] {manager.py:737} INFO - Searching for files in /opt/airflow/dags
[2026-05-13T02:05:56.567+0000] {manager.py:740} INFO - There are 0 files in /opt/airflow/dags
[2026-05-13T02:10:56.727+0000] {manager.py:737} INFO - Searching for files in /opt/airflow/dags
[2026-05-13T02:10:56.732+0000] {manager.py:740} INFO - There are 0 files in /opt/airflow/dags
[2026-05-13T02:15:56.906+0000] {manager.py:737} INFO - Searching for files in /opt/airflow/dags
[2026-05-13T02:15:56.914+0000] {manager.py:740} INFO - There are 0 files in /opt/airflow/dags
[2026-05-13T02:20:57.059+0000] {manager.py:737} INFO - Searching for files in /opt/airflow/dags
[2026-05-13T02:20:57.063+0000] {manager.py:740} INFO - There are 0 files in /opt/airflow/dags
[2026-05-13T02:25:57.358+0000] {manager.py:737} INFO - Searching for files in /opt/airflow/dags
[2026-05-13T02:25:57.365+0000] {manager.py:740} INFO - There are 0 files in /opt/airflow/dags
[2026-05-13T02:30:57.607+0000] {manager.py:737} INFO - Searching for files in /opt/airflow/dags
[2026-05-13T02:30:57.613+0000] {manager.py:740} INFO - There are 0 files in /opt/airflow/dags
[2026-05-13T02:35:57.782+0000] {manager.py:737} INFO - Searching for files in /opt/airflow/dags
[2026-05-13T02:35:57.786+0000] {manager.py:740} INFO - There are 0 files in /opt/airflow/dags
[2026-05-13T02:40:57.940+0000] {manager.py:737} INFO - Searching for files in /opt/airflow/dags
[2026-05-13T02:40:57.945+0000] {manager.py:740} INFO - There are 0 files in /opt/airflow/dags
[2026-05-13T02:45:58.133+0000] {manager.py:737} INFO - Searching for files in /opt/airflow/dags
[2026-05-13T02:45:58.138+0000] {manager.py:740} INFO - There are 0 files in /opt/airflow/dags
[2026-05-13T02:50:58.343+0000] {manager.py:737} INFO - Searching for files in /opt/airflow/dags
[2026-05-13T02:50:58.349+0000] {manager.py:740} INFO - There are 0 files in /opt/airflow/dags
[2026-05-13T02:55:58.501+0000] {manager.py:737} INFO - Searching for files in /opt/airflow/dags
[2026-05-13T02:55:58.506+0000] {manager.py:740} INFO - There are 0 files in /opt/airflow/dags
[2026-05-13T03:00:58.671+0000] {manager.py:737} INFO - Searching for files in /opt/airflow/dags
[2026-05-13T03:00:58.675+0000] {manager.py:740} INFO - There are 0 files in /opt/airflow/dags
[2026-05-13T03:05:58.814+0000] {manager.py:737} INFO - Searching for files in /opt/airflow/dags
[2026-05-13T03:05:58.819+0000] {manager.py:740} INFO - There are 0 files in /opt/airflow/dags
[2026-05-13T03:10:58.995+0000] {manager.py:737} INFO - Searching for files in /opt/airflow/dags
[2026-05-13T03:10:58.999+0000] {manager.py:740} INFO - There are 0 files in /opt/airflow/dags
[2026-05-13T03:15:59.176+0000] {manager.py:737} INFO - Searching for files in /opt/airflow/dags
[2026-05-13T03:15:59.182+0000] {manager.py:740} INFO - There are 0 files in /opt/airflow/dags
[2026-05-13T03:20:59.324+0000] {manager.py:737} INFO - Searching for files in /opt/airflow/dags
[2026-05-13T03:20:59.326+0000] {manager.py:740} INFO - There are 0 files in /opt/airflow/dags
[2026-05-13T03:25:59.457+0000] {manager.py:737} INFO - Searching for files in /opt/airflow/dags
[2026-05-13T03:25:59.460+0000] {manager.py:740} INFO - There are 0 files in /opt/airflow/dags
[2026-05-13T03:30:59.622+0000] {manager.py:737} INFO - Searching for files in /opt/airflow/dags
[2026-05-13T03:30:59.625+0000] {manager.py:740} INFO - There are 0 files in /opt/airflow/dags
[2026-05-13T03:35:59.760+0000] {manager.py:737} INFO - Searching for files in /opt/airflow/dags
[2026-05-13T03:35:59.763+0000] {manager.py:740} INFO - There are 0 files in /opt/airflow/dags
[2026-05-13T03:40:59.945+0000] {manager.py:737} INFO - Searching for files in /opt/airflow/dags
[2026-05-13T03:40:59.948+0000] {manager.py:740} INFO - There are 0 files in /opt/airflow/dags
[2026-05-13T03:46:00.123+0000] {manager.py:737} INFO - Searching for files in /opt/airflow/dags
[2026-05-13T03:46:00.128+0000] {manager.py:740} INFO - There are 0 files in /opt/airflow/dags
[2026-05-13T03:51:00.268+0000] {manager.py:737} INFO - Searching for files in /opt/airflow/dags
[2026-05-13T03:51:00.271+0000] {manager.py:740} INFO - There are 0 files in /opt/airflow/dags
[2026-05-13T03:56:00.422+0000] {manager.py:737} INFO - Searching for files in /opt/airflow/dags
[2026-05-13T03:56:00.425+0000] {manager.py:740} INFO - There are 0 files in /opt/airflow/dags
[2026-05-13T04:01:00.604+0000] {manager.py:737} INFO - Searching for files in /opt/airflow/dags
[2026-05-13T04:01:00.611+0000] {manager.py:740} INFO - There are 0 files in /opt/airflow/dags
[2026-05-13T04:06:00.781+0000] {manager.py:737} INFO - Searching for files in /opt/airflow/dags
[2026-05-13T04:06:00.787+0000] {manager.py:740} INFO - There are 0 files in /opt/airflow/dags
[2026-05-13T04:11:00.981+0000] {manager.py:737} INFO - Searching for files in /opt/airflow/dags
[2026-05-13T04:11:00.987+0000] {manager.py:740} INFO - There are 0 files in /opt/airflow/dags
[2026-05-13T04:16:01.159+0000] {manager.py:737} INFO - Searching for files in /opt/airflow/dags
[2026-05-13T04:16:01.166+0000] {manager.py:740} INFO - There are 0 files in /opt/airflow/dags
[2026-05-13T04:21:01.464+0000] {manager.py:737} INFO - Searching for files in /opt/airflow/dags
[2026-05-13T04:21:01.467+0000] {manager.py:740} INFO - There are 0 files in /opt/airflow/dags
[2026-05-13T05:00:35.773+0000] {manager.py:470} INFO - Processing files using up to 2 processes at a time 
[2026-05-13T05:00:35.774+0000] {manager.py:471} INFO - Process each file at most once every 30 seconds
[2026-05-13T05:00:35.775+0000] {manager.py:472} INFO - Checking for new files in /opt/airflow/dags every 300 seconds
[2026-05-13T05:00:35.776+0000] {manager.py:737} INFO - Searching for files in /opt/airflow/dags
[2026-05-13T05:00:35.781+0000] {manager.py:740} INFO - There are 0 files in /opt/airflow/dags
[2026-05-13T05:05:35.992+0000] {manager.py:737} INFO - Searching for files in /opt/airflow/dags
[2026-05-13T05:05:35.995+0000] {manager.py:740} INFO - There are 0 files in /opt/airflow/dags
[2026-05-13T05:10:36.229+0000] {manager.py:737} INFO - Searching for files in /opt/airflow/dags
[2026-05-13T05:10:36.231+0000] {manager.py:740} INFO - There are 0 files in /opt/airflow/dags
[2026-05-13T05:12:33.588+0000] {manager.py:470} INFO - Processing files using up to 2 processes at a time 
[2026-05-13T05:12:33.590+0000] {manager.py:471} INFO - Process each file at most once every 30 seconds
[2026-05-13T05:12:33.591+0000] {manager.py:472} INFO - Checking for new files in /opt/airflow/dags every 300 seconds
[2026-05-13T05:12:33.592+0000] {manager.py:737} INFO - Searching for files in /opt/airflow/dags
[2026-05-13T05:12:33.595+0000] {manager.py:740} INFO - There are 0 files in /opt/airflow/dags
[2026-05-13T05:17:33.821+0000] {manager.py:737} INFO - Searching for files in /opt/airflow/dags
[2026-05-13T05:17:33.826+0000] {manager.py:740} INFO - There are 0 files in /opt/airflow/dags
[2026-05-13T05:22:34.086+0000] {manager.py:737} INFO - Searching for files in /opt/airflow/dags
[2026-05-13T05:22:34.089+0000] {manager.py:740} INFO - There are 0 files in /opt/airflow/dags
[2026-05-13T05:27:34.367+0000] {manager.py:737} INFO - Searching for files in /opt/airflow/dags
[2026-05-13T05:27:34.371+0000] {manager.py:740} INFO - There are 0 files in /opt/airflow/dags
[2026-05-13T05:32:34.581+0000] {manager.py:737} INFO - Searching for files in /opt/airflow/dags
[2026-05-13T05:32:34.586+0000] {manager.py:740} INFO - There are 0 files in /opt/airflow/dags
[2026-05-13T05:37:34.784+0000] {manager.py:737} INFO - Searching for files in /opt/airflow/dags
[2026-05-13T05:37:34.787+0000] {manager.py:740} INFO - There are 0 files in /opt/airflow/dags
[2026-05-13T05:42:34.982+0000] {manager.py:737} INFO - Searching for files in /opt/airflow/dags
[2026-05-13T05:42:34.987+0000] {manager.py:740} INFO - There are 0 files in /opt/airflow/dags
[2026-05-13T05:47:35.183+0000] {manager.py:737} INFO - Searching for files in /opt/airflow/dags
[2026-05-13T05:47:35.187+0000] {manager.py:740} INFO - There are 0 files in /opt/airflow/dags
[2026-05-13T05:52:35.407+0000] {manager.py:737} INFO - Searching for files in /opt/airflow/dags
[2026-05-13T05:52:35.411+0000] {manager.py:740} INFO - There are 0 files in /opt/airflow/dags
[2026-05-13T05:56:14.113+0000] {manager.py:470} INFO - Processing files using up to 2 processes at a time 
[2026-05-13T05:56:14.114+0000] {manager.py:471} INFO - Process each file at most once every 30 seconds
[2026-05-13T05:56:14.116+0000] {manager.py:472} INFO - Checking for new files in /opt/airflow/dags every 300 seconds
[2026-05-13T05:56:14.117+0000] {manager.py:737} INFO - Searching for files in /opt/airflow/dags
[2026-05-13T05:56:14.122+0000] {manager.py:740} INFO - There are 0 files in /opt/airflow/dags
[2026-05-13T06:01:14.375+0000] {manager.py:737} INFO - Searching for files in /opt/airflow/dags
[2026-05-13T06:01:14.382+0000] {manager.py:740} INFO - There are 0 files in /opt/airflow/dags
[2026-05-13T06:06:14.565+0000] {manager.py:737} INFO - Searching for files in /opt/airflow/dags
[2026-05-13T06:06:14.571+0000] {manager.py:740} INFO - There are 0 files in /opt/airflow/dags
[2026-05-13T06:11:14.738+0000] {manager.py:737} INFO - Searching for files in /opt/airflow/dags
[2026-05-13T06:11:14.746+0000] {manager.py:740} INFO - There are 0 files in /opt/airflow/dags
[2026-05-13T06:16:14.936+0000] {manager.py:737} INFO - Searching for files in /opt/airflow/dags
[2026-05-13T06:16:14.943+0000] {manager.py:740} INFO - There are 0 files in /opt/airflow/dags
[2026-05-13T06:21:15.131+0000] {manager.py:737} INFO - Searching for files in /opt/airflow/dags
[2026-05-13T06:21:15.136+0000] {manager.py:740} INFO - There are 0 files in /opt/airflow/dags
[2026-05-13T06:26:15.368+0000] {manager.py:737} INFO - Searching for files in /opt/airflow/dags
[2026-05-13T06:26:15.376+0000] {manager.py:740} INFO - There are 0 files in /opt/airflow/dags
[2026-05-13T06:31:15.558+0000] {manager.py:737} INFO - Searching for files in /opt/airflow/dags
[2026-05-13T06:31:15.562+0000] {manager.py:740} INFO - There are 0 files in /opt/airflow/dags
[2026-05-13T06:36:15.832+0000] {manager.py:737} INFO - Searching for files in /opt/airflow/dags
[2026-05-13T06:36:15.837+0000] {manager.py:740} INFO - There are 0 files in /opt/airflow/dags
[2026-05-13T06:41:16.071+0000] {manager.py:737} INFO - Searching for files in /opt/airflow/dags
[2026-05-13T06:41:16.074+0000] {manager.py:740} INFO - There are 0 files in /opt/airflow/dags
[2026-05-13T06:46:16.320+0000] {manager.py:737} INFO - Searching for files in /opt/airflow/dags
[2026-05-13T06:46:16.326+0000] {manager.py:740} INFO - There are 0 files in /opt/airflow/dags
[2026-05-13T06:51:16.574+0000] {manager.py:737} INFO - Searching for files in /opt/airflow/dags
[2026-05-13T06:51:16.579+0000] {manager.py:740} INFO - There are 0 files in /opt/airflow/dags
[2026-05-13T06:56:16.802+0000] {manager.py:737} INFO - Searching for files in /opt/airflow/dags
[2026-05-13T06:56:16.805+0000] {manager.py:740} INFO - There are 0 files in /opt/airflow/dags
[2026-05-13T07:01:17.055+0000] {manager.py:737} INFO - Searching for files in /opt/airflow/dags
[2026-05-13T07:01:17.061+0000] {manager.py:740} INFO - There are 0 files in /opt/airflow/dags
[2026-05-13T07:06:17.302+0000] {manager.py:737} INFO - Searching for files in /opt/airflow/dags
[2026-05-13T07:06:17.309+0000] {manager.py:740} INFO - There are 0 files in /opt/airflow/dags
[2026-05-13T07:11:17.563+0000] {manager.py:737} INFO - Searching for files in /opt/airflow/dags
[2026-05-13T07:11:17.568+0000] {manager.py:740} INFO - There are 0 files in /opt/airflow/dags
[2026-05-13T07:16:17.801+0000] {manager.py:737} INFO - Searching for files in /opt/airflow/dags
[2026-05-13T07:16:17.806+0000] {manager.py:740} INFO - There are 0 files in /opt/airflow/dags
[2026-05-13T07:21:18.044+0000] {manager.py:737} INFO - Searching for files in /opt/airflow/dags
[2026-05-13T07:21:18.051+0000] {manager.py:740} INFO - There are 0 files in /opt/airflow/dags
[2026-05-13T07:26:18.259+0000] {manager.py:737} INFO - Searching for files in /opt/airflow/dags
[2026-05-13T07:26:18.265+0000] {manager.py:740} INFO - There are 0 files in /opt/airflow/dags
[2026-05-13T07:31:18.506+0000] {manager.py:737} INFO - Searching for files in /opt/airflow/dags
[2026-05-13T07:31:18.512+0000] {manager.py:740} INFO - There are 0 files in /opt/airflow/dags
[2026-05-13T07:36:18.739+0000] {manager.py:737} INFO - Searching for files in /opt/airflow/dags
[2026-05-13T07:36:18.746+0000] {manager.py:740} INFO - There are 0 files in /opt/airflow/dags
[2026-05-13T07:41:18.976+0000] {manager.py:737} INFO - Searching for files in /opt/airflow/dags
[2026-05-13T07:41:18.981+0000] {manager.py:740} INFO - There are 0 files in /opt/airflow/dags
[2026-05-13T07:46:19.192+0000] {manager.py:737} INFO - Searching for files in /opt/airflow/dags
[2026-05-13T07:46:19.196+0000] {manager.py:740} INFO - There are 0 files in /opt/airflow/dags
[2026-05-13T07:51:19.595+0000] {manager.py:737} INFO - Searching for files in /opt/airflow/dags
[2026-05-13T07:51:19.601+0000] {manager.py:740} INFO - There are 0 files in /opt/airflow/dags
[2026-05-13T07:51:29.219+0000] {manager.py:452} INFO - Exiting gracefully upon receiving signal 15
[2026-05-13T07:52:52.899+0000] {manager.py:470} INFO - Processing files using up to 2 processes at a time 
[2026-05-13T07:52:52.900+0000] {manager.py:471} INFO - Process each file at most once every 30 seconds
[2026-05-13T07:52:52.901+0000] {manager.py:472} INFO - Checking for new files in /opt/airflow/dags every 300 seconds
[2026-05-13T07:52:52.902+0000] {manager.py:737} INFO - Searching for files in /opt/airflow/dags
[2026-05-13T07:52:52.906+0000] {manager.py:740} INFO - There are 0 files in /opt/airflow/dags
[2026-05-13T07:57:46.463+0000] {manager.py:452} INFO - Exiting gracefully upon receiving signal 15
[2026-05-13T07:58:38.097+0000] {manager.py:470} INFO - Processing files using up to 2 processes at a time 
[2026-05-13T07:58:38.099+0000] {manager.py:471} INFO - Process each file at most once every 30 seconds
[2026-05-13T07:58:38.100+0000] {manager.py:472} INFO - Checking for new files in /opt/airflow/dags every 300 seconds
[2026-05-13T07:58:38.101+0000] {manager.py:737} INFO - Searching for files in /opt/airflow/dags
[2026-05-13T07:58:38.105+0000] {manager.py:740} INFO - There are 0 files in /opt/airflow/dags
[2026-05-13T08:02:05.074+0000] {manager.py:452} INFO - Exiting gracefully upon receiving signal 15
[2026-05-13T08:02:52.680+0000] {manager.py:470} INFO - Processing files using up to 2 processes at a time 
[2026-05-13T08:02:52.682+0000] {manager.py:471} INFO - Process each file at most once every 30 seconds
[2026-05-13T08:02:52.683+0000] {manager.py:472} INFO - Checking for new files in /opt/airflow/dags every 300 seconds
[2026-05-13T08:02:52.684+0000] {manager.py:737} INFO - Searching for files in /opt/airflow/dags
[2026-05-13T08:02:52.688+0000] {manager.py:740} INFO - There are 0 files in /opt/airflow/dags
[2026-05-13T08:07:53.000+0000] {manager.py:737} INFO - Searching for files in /opt/airflow/dags
[2026-05-13T08:07:53.003+0000] {manager.py:740} INFO - There are 0 files in /opt/airflow/dags
[2026-05-13T08:09:50.761+0000] {manager.py:452} INFO - Exiting gracefully upon receiving signal 15
[2026-05-13T08:10:52.222+0000] {manager.py:470} INFO - Processing files using up to 2 processes at a time 
[2026-05-13T08:10:52.223+0000] {manager.py:471} INFO - Process each file at most once every 30 seconds
[2026-05-13T08:10:52.224+0000] {manager.py:472} INFO - Checking for new files in /opt/airflow/dags every 300 seconds
[2026-05-13T08:10:52.225+0000] {manager.py:737} INFO - Searching for files in /opt/airflow/dags
[2026-05-13T08:10:52.228+0000] {manager.py:740} INFO - There are 0 files in /opt/airflow/dags
[2026-05-13T08:11:01.416+0000] {manager.py:452} INFO - Exiting gracefully upon receiving signal 15
[2026-05-13T08:48:07.095+0000] {manager.py:470} INFO - Processing files using up to 2 processes at a time 
[2026-05-13T08:48:07.097+0000] {manager.py:471} INFO - Process each file at most once every 30 seconds
[2026-05-13T08:48:07.099+0000] {manager.py:472} INFO - Checking for new files in /opt/airflow/dags every 300 seconds
[2026-05-13T08:48:07.101+0000] {manager.py:737} INFO - Searching for files in /opt/airflow/dags
[2026-05-13T08:48:07.107+0000] {manager.py:740} INFO - There are 0 files in /opt/airflow/dags
[2026-05-13T08:52:54.042+0000] {manager.py:452} INFO - Exiting gracefully upon receiving signal 15
[2026-05-13T14:02:34.497+0000] {manager.py:470} INFO - Processing files using up to 2 processes at a time 
[2026-05-13T14:02:34.498+0000] {manager.py:471} INFO - Process each file at most once every 30 seconds
[2026-05-13T14:02:34.499+0000] {manager.py:472} INFO - Checking for new files in /opt/airflow/dags every 300 seconds
[2026-05-13T14:02:34.500+0000] {manager.py:737} INFO - Searching for files in /opt/airflow/dags
[2026-05-13T14:02:34.504+0000] {manager.py:740} INFO - There are 0 files in /opt/airflow/dags
[2026-05-13T14:07:34.774+0000] {manager.py:737} INFO - Searching for files in /opt/airflow/dags
[2026-05-13T14:07:34.779+0000] {manager.py:740} INFO - There are 0 files in /opt/airflow/dags
[2026-05-13T14:12:35.033+0000] {manager.py:737} INFO - Searching for files in /opt/airflow/dags
[2026-05-13T14:12:35.037+0000] {manager.py:740} INFO - There are 0 files in /opt/airflow/dags
[2026-05-13T14:17:35.220+0000] {manager.py:737} INFO - Searching for files in /opt/airflow/dags
[2026-05-13T14:17:35.224+0000] {manager.py:740} INFO - There are 0 files in /opt/airflow/dags
[2026-05-13T14:19:35.535+0000] {manager.py:470} INFO - Processing files using up to 2 processes at a time 
[2026-05-13T14:19:35.537+0000] {manager.py:471} INFO - Process each file at most once every 30 seconds
[2026-05-13T14:19:35.560+0000] {manager.py:472} INFO - Checking for new files in /opt/airflow/dags every 300 seconds
[2026-05-13T14:19:35.563+0000] {manager.py:737} INFO - Searching for files in /opt/airflow/dags
[2026-05-13T14:19:35.570+0000] {manager.py:740} INFO - There are 0 files in /opt/airflow/dags
[2026-05-13T14:24:36.002+0000] {manager.py:737} INFO - Searching for files in /opt/airflow/dags
[2026-05-13T14:24:36.006+0000] {manager.py:740} INFO - There are 0 files in /opt/airflow/dags
[2026-05-13T14:29:36.358+0000] {manager.py:737} INFO - Searching for files in /opt/airflow/dags
[2026-05-13T14:29:36.362+0000] {manager.py:740} INFO - There are 0 files in /opt/airflow/dags
[2026-05-13T14:34:36.507+0000] {manager.py:737} INFO - Searching for files in /opt/airflow/dags
[2026-05-13T14:34:36.511+0000] {manager.py:740} INFO - There are 0 files in /opt/airflow/dags
[2026-05-13T14:37:14.157+0000] {manager.py:470} INFO - Processing files using up to 2 processes at a time 
[2026-05-13T14:37:14.159+0000] {manager.py:471} INFO - Process each file at most once every 30 seconds
[2026-05-13T14:37:14.160+0000] {manager.py:472} INFO - Checking for new files in /opt/airflow/dags every 300 seconds
[2026-05-13T14:37:14.162+0000] {manager.py:737} INFO - Searching for files in /opt/airflow/dags
[2026-05-13T14:37:14.166+0000] {manager.py:740} INFO - There are 0 files in /opt/airflow/dags
[2026-05-13T14:37:38.284+0000] {manager.py:452} INFO - Exiting gracefully upon receiving signal 15
[2026-05-13T14:38:51.367+0000] {manager.py:470} INFO - Processing files using up to 2 processes at a time 
[2026-05-13T14:38:51.401+0000] {manager.py:471} INFO - Process each file at most once every 30 seconds
[2026-05-13T14:38:51.419+0000] {manager.py:472} INFO - Checking for new files in /opt/airflow/dags every 300 seconds
[2026-05-13T14:38:51.425+0000] {manager.py:737} INFO - Searching for files in /opt/airflow/dags
[2026-05-13T14:38:51.449+0000] {manager.py:740} INFO - There are 0 files in /opt/airflow/dags
[2026-05-13T14:43:51.704+0000] {manager.py:737} INFO - Searching for files in /opt/airflow/dags
[2026-05-13T14:43:51.708+0000] {manager.py:740} INFO - There are 0 files in /opt/airflow/dags
[2026-05-13T14:48:51.954+0000] {manager.py:737} INFO - Searching for files in /opt/airflow/dags
[2026-05-13T14:48:51.958+0000] {manager.py:740} INFO - There are 0 files in /opt/airflow/dags
[2026-05-13T14:51:35.302+0000] {manager.py:470} INFO - Processing files using up to 2 processes at a time 
[2026-05-13T14:51:35.303+0000] {manager.py:471} INFO - Process each file at most once every 30 seconds
[2026-05-13T14:51:35.304+0000] {manager.py:472} INFO - Checking for new files in /opt/airflow/dags every 300 seconds
[2026-05-13T14:51:35.305+0000] {manager.py:737} INFO - Searching for files in /opt/airflow/dags
[2026-05-13T14:51:35.308+0000] {manager.py:740} INFO - There are 0 files in /opt/airflow/dags
[2026-05-13T14:53:17.106+0000] {manager.py:452} INFO - Exiting gracefully upon receiving signal 15
[2026-05-13T14:54:25.948+0000] {manager.py:470} INFO - Processing files using up to 2 processes at a time 
[2026-05-13T14:54:25.949+0000] {manager.py:471} INFO - Process each file at most once every 30 seconds
[2026-05-13T14:54:25.951+0000] {manager.py:472} INFO - Checking for new files in /opt/airflow/dags every 300 seconds
[2026-05-13T14:54:25.951+0000] {manager.py:737} INFO - Searching for files in /opt/airflow/dags
[2026-05-13T14:54:25.954+0000] {manager.py:740} INFO - There are 0 files in /opt/airflow/dags
[2026-05-13T14:59:26.174+0000] {manager.py:737} INFO - Searching for files in /opt/airflow/dags
[2026-05-13T14:59:26.177+0000] {manager.py:740} INFO - There are 0 files in /opt/airflow/dags
[2026-05-13T15:04:26.381+0000] {manager.py:737} INFO - Searching for files in /opt/airflow/dags
[2026-05-13T15:04:26.385+0000] {manager.py:740} INFO - There are 0 files in /opt/airflow/dags
[2026-05-13T15:07:41.426+0000] {manager.py:470} INFO - Processing files using up to 2 processes at a time 
[2026-05-13T15:07:41.427+0000] {manager.py:471} INFO - Process each file at most once every 30 seconds
[2026-05-13T15:07:41.428+0000] {manager.py:472} INFO - Checking for new files in /opt/airflow/dags every 300 seconds
[2026-05-13T15:07:41.429+0000] {manager.py:737} INFO - Searching for files in /opt/airflow/dags
[2026-05-13T15:07:41.432+0000] {manager.py:740} INFO - There are 0 files in /opt/airflow/dags
[2026-05-13T15:08:44.218+0000] {manager.py:470} INFO - Processing files using up to 2 processes at a time 
[2026-05-13T15:08:44.220+0000] {manager.py:471} INFO - Process each file at most once every 30 seconds
[2026-05-13T15:08:44.221+0000] {manager.py:472} INFO - Checking for new files in /opt/airflow/dags every 300 seconds
[2026-05-13T15:08:44.222+0000] {manager.py:737} INFO - Searching for files in /opt/airflow/dags
[2026-05-13T15:08:44.226+0000] {manager.py:740} INFO - There are 0 files in /opt/airflow/dags
[2026-05-13T15:13:44.440+0000] {manager.py:737} INFO - Searching for files in /opt/airflow/dags
[2026-05-13T15:13:44.443+0000] {manager.py:740} INFO - There are 0 files in /opt/airflow/dags
[2026-05-13T15:18:44.645+0000] {manager.py:737} INFO - Searching for files in /opt/airflow/dags
[2026-05-13T15:18:44.650+0000] {manager.py:740} INFO - There are 0 files in /opt/airflow/dags
[2026-05-13T15:21:16.400+0000] {manager.py:452} INFO - Exiting gracefully upon receiving signal 15
[2026-05-13T15:26:06.542+0000] {manager.py:470} INFO - Processing files using up to 2 processes at a time 
[2026-05-13T15:26:06.543+0000] {manager.py:471} INFO - Process each file at most once every 30 seconds
[2026-05-13T15:26:06.544+0000] {manager.py:472} INFO - Checking for new files in /opt/airflow/dags every 300 seconds
[2026-05-13T15:26:06.544+0000] {manager.py:737} INFO - Searching for files in /opt/airflow/dags
[2026-05-13T15:26:06.548+0000] {manager.py:740} INFO - There are 0 files in /opt/airflow/dags
[2026-05-13T15:27:36.524+0000] {manager.py:470} INFO - Processing files using up to 2 processes at a time 
[2026-05-13T15:27:36.526+0000] {manager.py:471} INFO - Process each file at most once every 30 seconds
[2026-05-13T15:27:36.526+0000] {manager.py:472} INFO - Checking for new files in /opt/airflow/dags every 300 seconds
[2026-05-13T15:27:36.527+0000] {manager.py:737} INFO - Searching for files in /opt/airflow/dags
[2026-05-13T15:27:36.532+0000] {manager.py:740} INFO - There are 0 files in /opt/airflow/dags
[2026-05-13T15:32:36.734+0000] {manager.py:737} INFO - Searching for files in /opt/airflow/dags
[2026-05-13T15:32:36.737+0000] {manager.py:740} INFO - There are 0 files in /opt/airflow/dags
[2026-05-13T15:37:36.881+0000] {manager.py:737} INFO - Searching for files in /opt/airflow/dags
[2026-05-13T15:37:36.884+0000] {manager.py:740} INFO - There are 0 files in /opt/airflow/dags
[2026-05-13T15:42:37.064+0000] {manager.py:737} INFO - Searching for files in /opt/airflow/dags
[2026-05-13T15:42:37.069+0000] {manager.py:740} INFO - There are 0 files in /opt/airflow/dags
[2026-05-13T15:44:24.057+0000] {manager.py:470} INFO - Processing files using up to 2 processes at a time 
[2026-05-13T15:44:24.059+0000] {manager.py:471} INFO - Process each file at most once every 30 seconds
[2026-05-13T15:44:24.060+0000] {manager.py:472} INFO - Checking for new files in /opt/airflow/dags every 300 seconds
[2026-05-13T15:44:24.061+0000] {manager.py:737} INFO - Searching for files in /opt/airflow/dags
[2026-05-13T15:44:24.064+0000] {manager.py:740} INFO - There are 0 files in /opt/airflow/dags
[2026-05-13T15:49:24.283+0000] {manager.py:737} INFO - Searching for files in /opt/airflow/dags
[2026-05-13T15:49:24.286+0000] {manager.py:740} INFO - There are 0 files in /opt/airflow/dags
[2026-05-13T15:54:24.529+0000] {manager.py:737} INFO - Searching for files in /opt/airflow/dags
[2026-05-13T15:54:24.536+0000] {manager.py:740} INFO - There are 0 files in /opt/airflow/dags
[2026-05-13T15:59:24.748+0000] {manager.py:737} INFO - Searching for files in /opt/airflow/dags
[2026-05-13T15:59:24.751+0000] {manager.py:740} INFO - There are 0 files in /opt/airflow/dags
[2026-05-13T16:04:24.971+0000] {manager.py:737} INFO - Searching for files in /opt/airflow/dags
[2026-05-13T16:04:24.977+0000] {manager.py:740} INFO - There are 0 files in /opt/airflow/dags
[2026-05-13T16:09:25.181+0000] {manager.py:737} INFO - Searching for files in /opt/airflow/dags
[2026-05-13T16:09:25.185+0000] {manager.py:740} INFO - There are 0 files in /opt/airflow/dags
[2026-05-13T16:14:25.409+0000] {manager.py:737} INFO - Searching for files in /opt/airflow/dags
[2026-05-13T16:14:25.412+0000] {manager.py:740} INFO - There are 0 files in /opt/airflow/dags
[2026-05-13T16:16:30.545+0000] {manager.py:452} INFO - Exiting gracefully upon receiving signal 15
[2026-05-14T01:56:44.512+0000] {manager.py:470} INFO - Processing files using up to 2 processes at a time 
[2026-05-14T01:56:44.514+0000] {manager.py:471} INFO - Process each file at most once every 30 seconds
[2026-05-14T01:56:44.514+0000] {manager.py:472} INFO - Checking for new files in /opt/airflow/dags every 300 seconds
[2026-05-14T01:56:44.515+0000] {manager.py:737} INFO - Searching for files in /opt/airflow/dags
[2026-05-14T01:56:44.518+0000] {manager.py:740} INFO - There are 0 files in /opt/airflow/dags
[2026-05-14T02:01:44.666+0000] {manager.py:737} INFO - Searching for files in /opt/airflow/dags
[2026-05-14T02:01:44.672+0000] {manager.py:740} INFO - There are 0 files in /opt/airflow/dags
[2026-05-14T02:06:44.921+0000] {manager.py:737} INFO - Searching for files in /opt/airflow/dags
[2026-05-14T02:06:44.924+0000] {manager.py:740} INFO - There are 0 files in /opt/airflow/dags
[2026-05-14T02:11:45.078+0000] {manager.py:737} INFO - Searching for files in /opt/airflow/dags
[2026-05-14T02:11:45.082+0000] {manager.py:740} INFO - There are 0 files in /opt/airflow/dags
[2026-05-14T02:16:45.299+0000] {manager.py:737} INFO - Searching for files in /opt/airflow/dags
[2026-05-14T02:16:45.305+0000] {manager.py:740} INFO - There are 0 files in /opt/airflow/dags
[2026-05-14T02:21:45.518+0000] {manager.py:737} INFO - Searching for files in /opt/airflow/dags
[2026-05-14T02:21:45.522+0000] {manager.py:740} INFO - There are 0 files in /opt/airflow/dags
[2026-05-14T02:26:45.705+0000] {manager.py:737} INFO - Searching for files in /opt/airflow/dags
[2026-05-14T02:26:45.710+0000] {manager.py:740} INFO - There are 0 files in /opt/airflow/dags
[2026-05-14T02:31:45.949+0000] {manager.py:737} INFO - Searching for files in /opt/airflow/dags
[2026-05-14T02:31:45.952+0000] {manager.py:740} INFO - There are 0 files in /opt/airflow/dags
[2026-05-14T02:36:46.219+0000] {manager.py:737} INFO - Searching for files in /opt/airflow/dags
[2026-05-14T02:36:46.222+0000] {manager.py:740} INFO - There are 0 files in /opt/airflow/dags
[2026-05-14T02:41:46.544+0000] {manager.py:737} INFO - Searching for files in /opt/airflow/dags
[2026-05-14T02:41:46.549+0000] {manager.py:740} INFO - There are 0 files in /opt/airflow/dags
[2026-05-14T02:46:46.930+0000] {manager.py:737} INFO - Searching for files in /opt/airflow/dags
[2026-05-14T02:46:46.934+0000] {manager.py:740} INFO - There are 0 files in /opt/airflow/dags
[2026-05-14T02:51:47.140+0000] {manager.py:737} INFO - Searching for files in /opt/airflow/dags
[2026-05-14T02:51:47.144+0000] {manager.py:740} INFO - There are 0 files in /opt/airflow/dags
[2026-05-14T02:56:47.352+0000] {manager.py:737} INFO - Searching for files in /opt/airflow/dags
[2026-05-14T02:56:47.356+0000] {manager.py:740} INFO - There are 0 files in /opt/airflow/dags
[2026-05-14T03:01:47.563+0000] {manager.py:737} INFO - Searching for files in /opt/airflow/dags
[2026-05-14T03:01:47.568+0000] {manager.py:740} INFO - There are 0 files in /opt/airflow/dags
[2026-05-14T03:06:47.833+0000] {manager.py:737} INFO - Searching for files in /opt/airflow/dags
[2026-05-14T03:06:47.836+0000] {manager.py:740} INFO - There are 0 files in /opt/airflow/dags
[2026-05-14T03:11:48.027+0000] {manager.py:737} INFO - Searching for files in /opt/airflow/dags
[2026-05-14T03:11:48.032+0000] {manager.py:740} INFO - There are 0 files in /opt/airflow/dags
[2026-05-14T03:16:48.250+0000] {manager.py:737} INFO - Searching for files in /opt/airflow/dags
[2026-05-14T03:16:48.253+0000] {manager.py:740} INFO - There are 0 files in /opt/airflow/dags
[2026-05-14T03:21:48.417+0000] {manager.py:737} INFO - Searching for files in /opt/airflow/dags
[2026-05-14T03:21:48.421+0000] {manager.py:740} INFO - There are 0 files in /opt/airflow/dags
[2026-05-14T03:26:48.627+0000] {manager.py:737} INFO - Searching for files in /opt/airflow/dags
[2026-05-14T03:26:48.631+0000] {manager.py:740} INFO - There are 0 files in /opt/airflow/dags
[2026-05-14T03:31:48.799+0000] {manager.py:737} INFO - Searching for files in /opt/airflow/dags
[2026-05-14T03:31:48.806+0000] {manager.py:740} INFO - There are 0 files in /opt/airflow/dags
[2026-05-14T03:36:49.007+0000] {manager.py:737} INFO - Searching for files in /opt/airflow/dags
[2026-05-14T03:36:49.012+0000] {manager.py:740} INFO - There are 0 files in /opt/airflow/dags
[2026-05-14T03:41:49.173+0000] {manager.py:737} INFO - Searching for files in /opt/airflow/dags
[2026-05-14T03:41:49.179+0000] {manager.py:740} INFO - There are 0 files in /opt/airflow/dags
[2026-05-14T03:46:49.389+0000] {manager.py:737} INFO - Searching for files in /opt/airflow/dags
[2026-05-14T03:46:49.397+0000] {manager.py:740} INFO - There are 0 files in /opt/airflow/dags
[2026-05-14T03:49:56.410+0000] {manager.py:452} INFO - Exiting gracefully upon receiving signal 15
[2026-05-14T03:51:02.057+0000] {manager.py:470} INFO - Processing files using up to 2 processes at a time 
[2026-05-14T03:51:02.058+0000] {manager.py:471} INFO - Process each file at most once every 30 seconds
[2026-05-14T03:51:02.059+0000] {manager.py:472} INFO - Checking for new files in /opt/airflow/dags every 300 seconds
[2026-05-14T03:51:02.060+0000] {manager.py:737} INFO - Searching for files in /opt/airflow/dags
[2026-05-14T03:51:02.064+0000] {manager.py:740} INFO - There are 0 files in /opt/airflow/dags
[2026-05-14T03:56:02.223+0000] {manager.py:737} INFO - Searching for files in /opt/airflow/dags
[2026-05-14T03:56:02.227+0000] {manager.py:740} INFO - There are 0 files in /opt/airflow/dags
[2026-05-14T04:01:02.377+0000] {manager.py:737} INFO - Searching for files in /opt/airflow/dags
[2026-05-14T04:01:02.381+0000] {manager.py:740} INFO - There are 0 files in /opt/airflow/dags
[2026-05-14T04:06:02.518+0000] {manager.py:737} INFO - Searching for files in /opt/airflow/dags
[2026-05-14T04:06:02.523+0000] {manager.py:740} INFO - There are 0 files in /opt/airflow/dags
[2026-05-14T04:11:02.669+0000] {manager.py:737} INFO - Searching for files in /opt/airflow/dags
[2026-05-14T04:11:02.672+0000] {manager.py:740} INFO - There are 0 files in /opt/airflow/dags
[2026-05-14T04:16:02.798+0000] {manager.py:737} INFO - Searching for files in /opt/airflow/dags
[2026-05-14T04:16:02.803+0000] {manager.py:740} INFO - There are 0 files in /opt/airflow/dags
[2026-05-14T04:21:02.946+0000] {manager.py:737} INFO - Searching for files in /opt/airflow/dags
[2026-05-14T04:21:02.949+0000] {manager.py:740} INFO - There are 0 files in /opt/airflow/dags
[2026-05-14T04:24:39.733+0000] {manager.py:452} INFO - Exiting gracefully upon receiving signal 15
[2026-05-14T07:12:50.087+0000] {manager.py:470} INFO - Processing files using up to 2 processes at a time 
[2026-05-14T07:12:50.089+0000] {manager.py:471} INFO - Process each file at most once every 30 seconds
[2026-05-14T07:12:50.090+0000] {manager.py:472} INFO - Checking for new files in /opt/airflow/dags every 300 seconds
[2026-05-14T07:12:50.092+0000] {manager.py:737} INFO - Searching for files in /opt/airflow/dags
[2026-05-14T07:12:50.097+0000] {manager.py:740} INFO - There are 0 files in /opt/airflow/dags
[2026-05-14T07:17:50.244+0000] {manager.py:737} INFO - Searching for files in /opt/airflow/dags
[2026-05-14T07:17:50.253+0000] {manager.py:740} INFO - There are 0 files in /opt/airflow/dags
[2026-05-14T07:22:50.416+0000] {manager.py:737} INFO - Searching for files in /opt/airflow/dags
[2026-05-14T07:22:50.422+0000] {manager.py:740} INFO - There are 0 files in /opt/airflow/dags
[2026-05-14T07:27:50.559+0000] {manager.py:737} INFO - Searching for files in /opt/airflow/dags
[2026-05-14T07:27:50.563+0000] {manager.py:740} INFO - There are 0 files in /opt/airflow/dags
[2026-05-14T07:32:50.686+0000] {manager.py:737} INFO - Searching for files in /opt/airflow/dags
[2026-05-14T07:32:50.690+0000] {manager.py:740} INFO - There are 0 files in /opt/airflow/dags
[2026-05-14T07:37:50.773+0000] {manager.py:737} INFO - Searching for files in /opt/airflow/dags
[2026-05-14T07:37:50.777+0000] {manager.py:740} INFO - There are 0 files in /opt/airflow/dags
[2026-05-14T07:42:09.924+0000] {manager.py:470} INFO - Processing files using up to 2 processes at a time 
[2026-05-14T07:42:09.927+0000] {manager.py:471} INFO - Process each file at most once every 30 seconds
[2026-05-14T07:42:09.929+0000] {manager.py:472} INFO - Checking for new files in /opt/airflow/dags every 300 seconds
[2026-05-14T07:42:09.931+0000] {manager.py:737} INFO - Searching for files in /opt/airflow/dags
[2026-05-14T07:42:09.942+0000] {manager.py:740} INFO - There are 0 files in /opt/airflow/dags
[2026-05-14T07:47:10.166+0000] {manager.py:737} INFO - Searching for files in /opt/airflow/dags
[2026-05-14T07:47:10.170+0000] {manager.py:740} INFO - There are 0 files in /opt/airflow/dags
[2026-05-14T07:52:10.350+0000] {manager.py:737} INFO - Searching for files in /opt/airflow/dags
[2026-05-14T07:52:10.353+0000] {manager.py:740} INFO - There are 0 files in /opt/airflow/dags
[2026-05-14T07:57:10.520+0000] {manager.py:737} INFO - Searching for files in /opt/airflow/dags
[2026-05-14T07:57:10.523+0000] {manager.py:740} INFO - There are 0 files in /opt/airflow/dags
[2026-05-14T08:02:10.699+0000] {manager.py:737} INFO - Searching for files in /opt/airflow/dags
[2026-05-14T08:02:10.703+0000] {manager.py:740} INFO - There are 0 files in /opt/airflow/dags
[2026-05-14T08:07:10.972+0000] {manager.py:737} INFO - Searching for files in /opt/airflow/dags
[2026-05-14T08:07:10.975+0000] {manager.py:740} INFO - There are 0 files in /opt/airflow/dags
[2026-05-14T08:12:11.299+0000] {manager.py:737} INFO - Searching for files in /opt/airflow/dags
[2026-05-14T08:12:11.302+0000] {manager.py:740} INFO - There are 0 files in /opt/airflow/dags
[2026-05-14T08:17:11.606+0000] {manager.py:737} INFO - Searching for files in /opt/airflow/dags
[2026-05-14T08:17:11.613+0000] {manager.py:740} INFO - There are 0 files in /opt/airflow/dags
[2026-05-14T08:22:11.964+0000] {manager.py:737} INFO - Searching for files in /opt/airflow/dags
[2026-05-14T08:22:11.968+0000] {manager.py:740} INFO - There are 0 files in /opt/airflow/dags
[2026-05-14T08:26:19.017+0000] {manager.py:452} INFO - Exiting gracefully upon receiving signal 15
[2026-05-14T08:30:59.651+0000] {manager.py:470} INFO - Processing files using up to 2 processes at a time 
[2026-05-14T08:30:59.653+0000] {manager.py:471} INFO - Process each file at most once every 30 seconds
[2026-05-14T08:30:59.655+0000] {manager.py:472} INFO - Checking for new files in /opt/airflow/dags every 300 seconds
[2026-05-14T08:30:59.660+0000] {manager.py:737} INFO - Searching for files in /opt/airflow/dags
[2026-05-14T08:30:59.676+0000] {manager.py:740} INFO - There are 0 files in /opt/airflow/dags
[2026-05-14T08:36:00.020+0000] {manager.py:737} INFO - Searching for files in /opt/airflow/dags
[2026-05-14T08:36:00.032+0000] {manager.py:740} INFO - There are 0 files in /opt/airflow/dags
[2026-05-14T08:41:00.241+0000] {manager.py:737} INFO - Searching for files in /opt/airflow/dags
[2026-05-14T08:41:00.247+0000] {manager.py:740} INFO - There are 0 files in /opt/airflow/dags
[2026-05-14T08:46:00.585+0000] {manager.py:737} INFO - Searching for files in /opt/airflow/dags
[2026-05-14T08:46:00.589+0000] {manager.py:740} INFO - There are 0 files in /opt/airflow/dags
[2026-05-14T08:51:00.889+0000] {manager.py:737} INFO - Searching for files in /opt/airflow/dags
[2026-05-14T08:51:00.895+0000] {manager.py:740} INFO - There are 0 files in /opt/airflow/dags
[2026-05-14T08:56:01.120+0000] {manager.py:737} INFO - Searching for files in /opt/airflow/dags
[2026-05-14T08:56:01.129+0000] {manager.py:740} INFO - There are 0 files in /opt/airflow/dags
[2026-05-14T09:01:01.386+0000] {manager.py:737} INFO - Searching for files in /opt/airflow/dags
[2026-05-14T09:01:01.389+0000] {manager.py:740} INFO - There are 0 files in /opt/airflow/dags
[2026-05-14T09:06:01.638+0000] {manager.py:737} INFO - Searching for files in /opt/airflow/dags
[2026-05-14T09:06:01.648+0000] {manager.py:740} INFO - There are 0 files in /opt/airflow/dags
[2026-05-14T09:11:01.971+0000] {manager.py:737} INFO - Searching for files in /opt/airflow/dags
[2026-05-14T09:11:01.975+0000] {manager.py:740} INFO - There are 0 files in /opt/airflow/dags
[2026-05-14T09:14:29.237+0000] {manager.py:452} INFO - Exiting gracefully upon receiving signal 15
[2026-05-14T12:50:46.375+0000] {manager.py:470} INFO - Processing files using up to 2 processes at a time 
[2026-05-14T12:50:46.377+0000] {manager.py:471} INFO - Process each file at most once every 30 seconds
[2026-05-14T12:50:46.378+0000] {manager.py:472} INFO - Checking for new files in /opt/airflow/dags every 300 seconds
[2026-05-14T12:50:46.378+0000] {manager.py:737} INFO - Searching for files in /opt/airflow/dags
[2026-05-14T12:50:46.382+0000] {manager.py:740} INFO - There are 0 files in /opt/airflow/dags
[2026-05-14T12:55:46.535+0000] {manager.py:737} INFO - Searching for files in /opt/airflow/dags
[2026-05-14T12:55:46.538+0000] {manager.py:740} INFO - There are 0 files in /opt/airflow/dags
[2026-05-14T13:00:46.644+0000] {manager.py:737} INFO - Searching for files in /opt/airflow/dags
[2026-05-14T13:00:46.648+0000] {manager.py:740} INFO - There are 0 files in /opt/airflow/dags
[2026-05-14T13:05:46.729+0000] {manager.py:737} INFO - Searching for files in /opt/airflow/dags
[2026-05-14T13:05:46.734+0000] {manager.py:740} INFO - There are 0 files in /opt/airflow/dags
[2026-05-14T13:10:46.832+0000] {manager.py:737} INFO - Searching for files in /opt/airflow/dags
[2026-05-14T13:10:46.834+0000] {manager.py:740} INFO - There are 0 files in /opt/airflow/dags
[2026-05-14T13:15:46.966+0000] {manager.py:737} INFO - Searching for files in /opt/airflow/dags
[2026-05-14T13:15:46.970+0000] {manager.py:740} INFO - There are 0 files in /opt/airflow/dags
[2026-05-14T13:20:47.154+0000] {manager.py:737} INFO - Searching for files in /opt/airflow/dags
[2026-05-14T13:20:47.157+0000] {manager.py:740} INFO - There are 0 files in /opt/airflow/dags
[2026-05-14T13:25:47.431+0000] {manager.py:737} INFO - Searching for files in /opt/airflow/dags
[2026-05-14T13:25:47.435+0000] {manager.py:740} INFO - There are 0 files in /opt/airflow/dags
[2026-05-14T13:30:47.587+0000] {manager.py:737} INFO - Searching for files in /opt/airflow/dags
[2026-05-14T13:30:47.590+0000] {manager.py:740} INFO - There are 0 files in /opt/airflow/dags
[2026-05-14T13:35:47.818+0000] {manager.py:737} INFO - Searching for files in /opt/airflow/dags
[2026-05-14T13:35:47.821+0000] {manager.py:740} INFO - There are 0 files in /opt/airflow/dags
[2026-05-14T13:40:48.180+0000] {manager.py:737} INFO - Searching for files in /opt/airflow/dags
[2026-05-14T13:40:48.183+0000] {manager.py:740} INFO - There are 0 files in /opt/airflow/dags
[2026-05-14T13:45:48.343+0000] {manager.py:737} INFO - Searching for files in /opt/airflow/dags
[2026-05-14T13:45:48.346+0000] {manager.py:740} INFO - There are 0 files in /opt/airflow/dags
[2026-05-14T13:50:48.575+0000] {manager.py:737} INFO - Searching for files in /opt/airflow/dags
[2026-05-14T13:50:48.580+0000] {manager.py:740} INFO - There are 0 files in /opt/airflow/dags
[2026-05-14T13:55:48.807+0000] {manager.py:737} INFO - Searching for files in /opt/airflow/dags
[2026-05-14T13:55:48.809+0000] {manager.py:740} INFO - There are 0 files in /opt/airflow/dags
[2026-05-14T14:00:49.241+0000] {manager.py:737} INFO - Searching for files in /opt/airflow/dags
[2026-05-14T14:00:49.247+0000] {manager.py:740} INFO - There are 0 files in /opt/airflow/dags
[2026-05-14T14:05:49.614+0000] {manager.py:737} INFO - Searching for files in /opt/airflow/dags
[2026-05-14T14:05:49.618+0000] {manager.py:740} INFO - There are 0 files in /opt/airflow/dags
[2026-05-14T14:10:49.841+0000] {manager.py:737} INFO - Searching for files in /opt/airflow/dags
[2026-05-14T14:10:49.844+0000] {manager.py:740} INFO - There are 0 files in /opt/airflow/dags
[2026-05-14T14:15:50.016+0000] {manager.py:737} INFO - Searching for files in /opt/airflow/dags
[2026-05-14T14:15:50.021+0000] {manager.py:740} INFO - There are 0 files in /opt/airflow/dags
[2026-05-14T14:20:50.306+0000] {manager.py:737} INFO - Searching for files in /opt/airflow/dags
[2026-05-14T14:20:50.312+0000] {manager.py:740} INFO - There are 0 files in /opt/airflow/dags
[2026-05-14T14:25:50.500+0000] {manager.py:737} INFO - Searching for files in /opt/airflow/dags
[2026-05-14T14:25:50.506+0000] {manager.py:740} INFO - There are 0 files in /opt/airflow/dags
[2026-05-14T14:30:50.812+0000] {manager.py:737} INFO - Searching for files in /opt/airflow/dags
[2026-05-14T14:30:50.816+0000] {manager.py:740} INFO - There are 0 files in /opt/airflow/dags
[2026-05-14T14:35:51.039+0000] {manager.py:737} INFO - Searching for files in /opt/airflow/dags
[2026-05-14T14:35:51.045+0000] {manager.py:740} INFO - There are 0 files in /opt/airflow/dags
[2026-05-14T14:40:51.309+0000] {manager.py:737} INFO - Searching for files in /opt/airflow/dags
[2026-05-14T14:40:51.313+0000] {manager.py:740} INFO - There are 0 files in /opt/airflow/dags
[2026-05-14T14:45:51.663+0000] {manager.py:737} INFO - Searching for files in /opt/airflow/dags
[2026-05-14T14:45:51.666+0000] {manager.py:740} INFO - There are 0 files in /opt/airflow/dags
[2026-05-14T14:50:51.897+0000] {manager.py:737} INFO - Searching for files in /opt/airflow/dags
[2026-05-14T14:50:51.901+0000] {manager.py:740} INFO - There are 0 files in /opt/airflow/dags
[2026-05-14T14:55:52.264+0000] {manager.py:737} INFO - Searching for files in /opt/airflow/dags
[2026-05-14T14:55:52.268+0000] {manager.py:740} INFO - There are 0 files in /opt/airflow/dags
[2026-05-14T15:00:41.331+0000] {manager.py:452} INFO - Exiting gracefully upon receiving signal 15
[2026-05-14T15:01:12.746+0000] {manager.py:470} INFO - Processing files using up to 2 processes at a time 
[2026-05-14T15:01:12.747+0000] {manager.py:471} INFO - Process each file at most once every 30 seconds
[2026-05-14T15:01:12.748+0000] {manager.py:472} INFO - Checking for new files in /opt/airflow/dags every 300 seconds
[2026-05-14T15:01:12.749+0000] {manager.py:737} INFO - Searching for files in /opt/airflow/dags
[2026-05-14T15:01:12.754+0000] {manager.py:740} INFO - There are 0 files in /opt/airflow/dags
[2026-05-14T15:06:12.985+0000] {manager.py:737} INFO - Searching for files in /opt/airflow/dags
[2026-05-14T15:06:12.988+0000] {manager.py:740} INFO - There are 0 files in /opt/airflow/dags
[2026-05-14T15:11:13.191+0000] {manager.py:737} INFO - Searching for files in /opt/airflow/dags
[2026-05-14T15:11:13.194+0000] {manager.py:740} INFO - There are 0 files in /opt/airflow/dags
[2026-05-14T15:12:47.913+0000] {manager.py:470} INFO - Processing files using up to 2 processes at a time 
[2026-05-14T15:12:47.915+0000] {manager.py:471} INFO - Process each file at most once every 30 seconds
[2026-05-14T15:12:47.916+0000] {manager.py:472} INFO - Checking for new files in /opt/airflow/dags every 300 seconds
[2026-05-14T15:12:47.918+0000] {manager.py:737} INFO - Searching for files in /opt/airflow/dags
[2026-05-14T15:12:47.924+0000] {manager.py:740} INFO - There are 0 files in /opt/airflow/dags
[2026-05-14T15:17:48.151+0000] {manager.py:737} INFO - Searching for files in /opt/airflow/dags
[2026-05-14T15:17:48.154+0000] {manager.py:740} INFO - There are 0 files in /opt/airflow/dags
[2026-05-14T15:22:48.372+0000] {manager.py:737} INFO - Searching for files in /opt/airflow/dags
[2026-05-14T15:22:48.376+0000] {manager.py:740} INFO - There are 0 files in /opt/airflow/dags
[2026-05-14T15:27:48.606+0000] {manager.py:737} INFO - Searching for files in /opt/airflow/dags
[2026-05-14T15:27:48.610+0000] {manager.py:740} INFO - There are 0 files in /opt/airflow/dags
[2026-05-14T15:32:48.835+0000] {manager.py:737} INFO - Searching for files in /opt/airflow/dags
[2026-05-14T15:32:48.840+0000] {manager.py:740} INFO - There are 0 files in /opt/airflow/dags
[2026-05-14T15:37:49.118+0000] {manager.py:737} INFO - Searching for files in /opt/airflow/dags
[2026-05-14T15:37:49.122+0000] {manager.py:740} INFO - There are 0 files in /opt/airflow/dags
[2026-05-14T15:42:49.322+0000] {manager.py:737} INFO - Searching for files in /opt/airflow/dags
[2026-05-14T15:42:49.325+0000] {manager.py:740} INFO - There are 0 files in /opt/airflow/dags
[2026-05-14T15:47:49.446+0000] {manager.py:737} INFO - Searching for files in /opt/airflow/dags
[2026-05-14T15:47:49.449+0000] {manager.py:740} INFO - There are 0 files in /opt/airflow/dags
[2026-05-14T15:52:49.589+0000] {manager.py:737} INFO - Searching for files in /opt/airflow/dags
[2026-05-14T15:52:49.592+0000] {manager.py:740} INFO - There are 0 files in /opt/airflow/dags
[2026-05-14T15:57:49.762+0000] {manager.py:737} INFO - Searching for files in /opt/airflow/dags
[2026-05-14T15:57:49.766+0000] {manager.py:740} INFO - There are 0 files in /opt/airflow/dags
[2026-05-14T15:59:10.874+0000] {manager.py:452} INFO - Exiting gracefully upon receiving signal 15
[2026-05-14T16:00:10.700+0000] {manager.py:470} INFO - Processing files using up to 2 processes at a time 
[2026-05-14T16:00:10.702+0000] {manager.py:471} INFO - Process each file at most once every 30 seconds
[2026-05-14T16:00:10.703+0000] {manager.py:472} INFO - Checking for new files in /opt/airflow/dags every 300 seconds
[2026-05-14T16:00:10.703+0000] {manager.py:737} INFO - Searching for files in /opt/airflow/dags
[2026-05-14T16:00:10.706+0000] {manager.py:740} INFO - There are 0 files in /opt/airflow/dags
[2026-05-14T16:05:10.913+0000] {manager.py:737} INFO - Searching for files in /opt/airflow/dags
[2026-05-14T16:05:10.917+0000] {manager.py:740} INFO - There are 0 files in /opt/airflow/dags
[2026-05-14T16:06:14.333+0000] {manager.py:470} INFO - Processing files using up to 2 processes at a time 
[2026-05-14T16:06:14.334+0000] {manager.py:471} INFO - Process each file at most once every 30 seconds
[2026-05-14T16:06:14.335+0000] {manager.py:472} INFO - Checking for new files in /opt/airflow/dags every 300 seconds
[2026-05-14T16:06:14.335+0000] {manager.py:737} INFO - Searching for files in /opt/airflow/dags
[2026-05-14T16:06:14.338+0000] {manager.py:740} INFO - There are 0 files in /opt/airflow/dags
[2026-05-14T16:09:43.702+0000] {manager.py:452} INFO - Exiting gracefully upon receiving signal 15
[2026-05-18T13:37:45.913+0000] {manager.py:470} INFO - Processing files using up to 2 processes at a time 
[2026-05-18T13:37:45.915+0000] {manager.py:471} INFO - Process each file at most once every 30 seconds
[2026-05-18T13:37:45.916+0000] {manager.py:472} INFO - Checking for new files in /opt/airflow/dags every 300 seconds
[2026-05-18T13:37:45.917+0000] {manager.py:737} INFO - Searching for files in /opt/airflow/dags
[2026-05-18T13:37:45.922+0000] {manager.py:740} INFO - There are 0 files in /opt/airflow/dags
[2026-05-18T13:42:46.113+0000] {manager.py:737} INFO - Searching for files in /opt/airflow/dags
[2026-05-18T13:42:46.124+0000] {manager.py:740} INFO - There are 0 files in /opt/airflow/dags
[2026-05-18T13:47:46.306+0000] {manager.py:737} INFO - Searching for files in /opt/airflow/dags
[2026-05-18T13:47:46.312+0000] {manager.py:740} INFO - There are 0 files in /opt/airflow/dags
[2026-05-18T13:52:46.478+0000] {manager.py:737} INFO - Searching for files in /opt/airflow/dags
[2026-05-18T13:52:46.482+0000] {manager.py:740} INFO - There are 0 files in /opt/airflow/dags
[2026-05-18T13:57:46.667+0000] {manager.py:737} INFO - Searching for files in /opt/airflow/dags
[2026-05-18T13:57:46.672+0000] {manager.py:740} INFO - There are 0 files in /opt/airflow/dags
[2026-05-18T14:02:46.895+0000] {manager.py:737} INFO - Searching for files in /opt/airflow/dags
[2026-05-18T14:02:46.898+0000] {manager.py:740} INFO - There are 0 files in /opt/airflow/dags
[2026-05-18T14:07:47.144+0000] {manager.py:737} INFO - Searching for files in /opt/airflow/dags
[2026-05-18T14:07:47.148+0000] {manager.py:740} INFO - There are 0 files in /opt/airflow/dags
[2026-05-18T14:12:47.433+0000] {manager.py:737} INFO - Searching for files in /opt/airflow/dags
[2026-05-18T14:12:47.437+0000] {manager.py:740} INFO - There are 0 files in /opt/airflow/dags
[2026-05-18T14:17:47.696+0000] {manager.py:737} INFO - Searching for files in /opt/airflow/dags
[2026-05-18T14:17:47.700+0000] {manager.py:740} INFO - There are 0 files in /opt/airflow/dags
[2026-05-18T14:22:47.904+0000] {manager.py:737} INFO - Searching for files in /opt/airflow/dags
[2026-05-18T14:22:47.908+0000] {manager.py:740} INFO - There are 0 files in /opt/airflow/dags
[2026-05-18T14:27:48.183+0000] {manager.py:737} INFO - Searching for files in /opt/airflow/dags
[2026-05-18T14:27:48.187+0000] {manager.py:740} INFO - There are 0 files in /opt/airflow/dags
[2026-05-18T14:32:48.387+0000] {manager.py:737} INFO - Searching for files in /opt/airflow/dags
[2026-05-18T14:32:48.391+0000] {manager.py:740} INFO - There are 0 files in /opt/airflow/dags
[2026-05-18T14:37:48.657+0000] {manager.py:737} INFO - Searching for files in /opt/airflow/dags
[2026-05-18T14:37:48.660+0000] {manager.py:740} INFO - There are 0 files in /opt/airflow/dags
[2026-05-18T14:42:48.795+0000] {manager.py:737} INFO - Searching for files in /opt/airflow/dags
[2026-05-18T14:42:48.799+0000] {manager.py:740} INFO - There are 0 files in /opt/airflow/dags
[2026-05-18T14:47:48.941+0000] {manager.py:737} INFO - Searching for files in /opt/airflow/dags
[2026-05-18T14:47:48.956+0000] {manager.py:740} INFO - There are 1 files in /opt/airflow/dags
[2026-05-18T14:48:03.283+0000] {manager.py:878} INFO - 
================================================================================
DAG File Processing Stats

File Path                                    PID    Runtime      # DAGs    # Errors  Last Runtime    Last Run
-------------------------------------------  -----  ---------  --------  ----------  --------------  -------------------
/opt/airflow/dags/generate_cost_data_dag.py                           1           0  0.53s           2026-05-18T14:47:49
================================================================================
[2026-05-18T14:48:33.947+0000] {manager.py:878} INFO - 
================================================================================
DAG File Processing Stats

File Path                                    PID    Runtime      # DAGs    # Errors  Last Runtime    Last Run
-------------------------------------------  -----  ---------  --------  ----------  --------------  -------------------
/opt/airflow/dags/generate_cost_data_dag.py                           1           0  0.13s           2026-05-18T14:48:20
================================================================================
[2026-05-18T14:49:04.191+0000] {manager.py:878} INFO - 
================================================================================
DAG File Processing Stats

File Path                                    PID    Runtime      # DAGs    # Errors  Last Runtime    Last Run
-------------------------------------------  -----  ---------  --------  ----------  --------------  -------------------
/opt/airflow/dags/generate_cost_data_dag.py                           1           0  0.14s           2026-05-18T14:48:50
================================================================================
[2026-05-18T14:49:34.354+0000] {manager.py:878} INFO - 
================================================================================
DAG File Processing Stats

File Path                                    PID    Runtime      # DAGs    # Errors  Last Runtime    Last Run
-------------------------------------------  -----  ---------  --------  ----------  --------------  -------------------
/opt/airflow/dags/generate_cost_data_dag.py                           1           0  0.14s           2026-05-18T14:49:20
================================================================================
[2026-05-18T14:50:04.605+0000] {manager.py:878} INFO - 
================================================================================
DAG File Processing Stats

File Path                                    PID    Runtime      # DAGs    # Errors  Last Runtime    Last Run
-------------------------------------------  -----  ---------  --------  ----------  --------------  -------------------
/opt/airflow/dags/generate_cost_data_dag.py                           1           0  0.11s           2026-05-18T14:49:50
================================================================================
[2026-05-18T14:50:34.765+0000] {manager.py:878} INFO - 
================================================================================
DAG File Processing Stats

File Path                                    PID    Runtime      # DAGs    # Errors  Last Runtime    Last Run
-------------------------------------------  -----  ---------  --------  ----------  --------------  -------------------
/opt/airflow/dags/generate_cost_data_dag.py                           1           0  0.12s           2026-05-18T14:50:20
================================================================================
[2026-05-18T14:51:05.003+0000] {manager.py:878} INFO - 
================================================================================
DAG File Processing Stats

File Path                                    PID    Runtime      # DAGs    # Errors  Last Runtime    Last Run
-------------------------------------------  -----  ---------  --------  ----------  --------------  -------------------
/opt/airflow/dags/generate_cost_data_dag.py                           1           0  0.13s           2026-05-18T14:50:50
================================================================================
[2026-05-18T14:51:35.168+0000] {manager.py:878} INFO - 
================================================================================
DAG File Processing Stats

File Path                                    PID    Runtime      # DAGs    # Errors  Last Runtime    Last Run
-------------------------------------------  -----  ---------  --------  ----------  --------------  -------------------
/opt/airflow/dags/generate_cost_data_dag.py                           1           0  0.13s           2026-05-18T14:51:21
================================================================================
[2026-05-18T14:52:05.410+0000] {manager.py:878} INFO - 
================================================================================
DAG File Processing Stats

File Path                                    PID    Runtime      # DAGs    # Errors  Last Runtime    Last Run
-------------------------------------------  -----  ---------  --------  ----------  --------------  -------------------
/opt/airflow/dags/generate_cost_data_dag.py                           1           0  0.13s           2026-05-18T14:51:51
================================================================================
[2026-05-18T14:52:35.576+0000] {manager.py:878} INFO - 
================================================================================
DAG File Processing Stats

File Path                                    PID    Runtime      # DAGs    # Errors  Last Runtime    Last Run
-------------------------------------------  -----  ---------  --------  ----------  --------------  -------------------
/opt/airflow/dags/generate_cost_data_dag.py                           1           0  0.12s           2026-05-18T14:52:21
================================================================================
[2026-05-18T14:52:49.640+0000] {manager.py:737} INFO - Searching for files in /opt/airflow/dags
[2026-05-18T14:52:49.653+0000] {manager.py:740} INFO - There are 1 files in /opt/airflow/dags
[2026-05-18T14:53:05.808+0000] {manager.py:878} INFO - 
================================================================================
DAG File Processing Stats

File Path                                    PID    Runtime      # DAGs    # Errors  Last Runtime    Last Run
-------------------------------------------  -----  ---------  --------  ----------  --------------  -------------------
/opt/airflow/dags/generate_cost_data_dag.py                           1           0  0.13s           2026-05-18T14:52:51
================================================================================
[2026-05-18T14:53:35.984+0000] {manager.py:878} INFO - 
================================================================================
DAG File Processing Stats

File Path                                    PID    Runtime      # DAGs    # Errors  Last Runtime    Last Run
-------------------------------------------  -----  ---------  --------  ----------  --------------  -------------------
/opt/airflow/dags/generate_cost_data_dag.py                           1           0  0.12s           2026-05-18T14:53:22
================================================================================
[2026-05-18T14:54:06.196+0000] {manager.py:878} INFO - 
================================================================================
DAG File Processing Stats

File Path                                    PID    Runtime      # DAGs    # Errors  Last Runtime    Last Run
-------------------------------------------  -----  ---------  --------  ----------  --------------  -------------------
/opt/airflow/dags/generate_cost_data_dag.py                           1           0  0.12s           2026-05-18T14:53:52
================================================================================
[2026-05-18T14:54:36.387+0000] {manager.py:878} INFO - 
================================================================================
DAG File Processing Stats

File Path                                    PID    Runtime      # DAGs    # Errors  Last Runtime    Last Run
-------------------------------------------  -----  ---------  --------  ----------  --------------  -------------------
/opt/airflow/dags/generate_cost_data_dag.py                           1           0  0.11s           2026-05-18T14:54:22
================================================================================
[2026-05-18T14:55:06.785+0000] {manager.py:878} INFO - 
================================================================================
DAG File Processing Stats

File Path                                    PID    Runtime      # DAGs    # Errors  Last Runtime    Last Run
-------------------------------------------  -----  ---------  --------  ----------  --------------  -------------------
/opt/airflow/dags/generate_cost_data_dag.py                           1           0  0.37s           2026-05-18T14:54:52
================================================================================
[2026-05-18T14:55:37.432+0000] {manager.py:878} INFO - 
================================================================================
DAG File Processing Stats

File Path                                    PID    Runtime      # DAGs    # Errors  Last Runtime    Last Run
-------------------------------------------  -----  ---------  --------  ----------  --------------  -------------------
/opt/airflow/dags/generate_cost_data_dag.py                           1           0  0.41s           2026-05-18T14:55:23
================================================================================
[2026-05-18T14:56:07.492+0000] {manager.py:878} INFO - 
================================================================================
DAG File Processing Stats

File Path                                    PID    Runtime      # DAGs    # Errors  Last Runtime    Last Run
-------------------------------------------  -----  ---------  --------  ----------  --------------  -------------------
/opt/airflow/dags/generate_cost_data_dag.py                           1           0  0.56s           2026-05-18T14:55:54
================================================================================
[2026-05-18T14:56:37.864+0000] {manager.py:878} INFO - 
================================================================================
DAG File Processing Stats

File Path                                    PID    Runtime      # DAGs    # Errors  Last Runtime    Last Run
-------------------------------------------  -----  ---------  --------  ----------  --------------  -------------------
/opt/airflow/dags/generate_cost_data_dag.py                           1           0  0.33s           2026-05-18T14:56:25
================================================================================
[2026-05-18T14:57:07.936+0000] {manager.py:878} INFO - 
================================================================================
DAG File Processing Stats

File Path                                    PID    Runtime      # DAGs    # Errors  Last Runtime    Last Run
-------------------------------------------  -----  ---------  --------  ----------  --------------  -------------------
/opt/airflow/dags/generate_cost_data_dag.py                           1           0  0.35s           2026-05-18T14:56:55
================================================================================
[2026-05-18T14:57:38.189+0000] {manager.py:878} INFO - 
================================================================================
DAG File Processing Stats

File Path                                    PID    Runtime      # DAGs    # Errors  Last Runtime    Last Run
-------------------------------------------  -----  ---------  --------  ----------  --------------  -------------------
/opt/airflow/dags/generate_cost_data_dag.py                           1           0  0.20s           2026-05-18T14:57:26
================================================================================
[2026-05-18T14:57:50.249+0000] {manager.py:737} INFO - Searching for files in /opt/airflow/dags
[2026-05-18T14:57:50.269+0000] {manager.py:740} INFO - There are 1 files in /opt/airflow/dags
[2026-05-18T14:58:08.542+0000] {manager.py:878} INFO - 
================================================================================
DAG File Processing Stats

File Path                                    PID    Runtime      # DAGs    # Errors  Last Runtime    Last Run
-------------------------------------------  -----  ---------  --------  ----------  --------------  -------------------
/opt/airflow/dags/generate_cost_data_dag.py                           1           0  0.17s           2026-05-18T14:57:56
================================================================================
[2026-05-18T14:58:38.855+0000] {manager.py:878} INFO - 
================================================================================
DAG File Processing Stats

File Path                                    PID    Runtime      # DAGs    # Errors  Last Runtime    Last Run
-------------------------------------------  -----  ---------  --------  ----------  --------------  -------------------
/opt/airflow/dags/generate_cost_data_dag.py                           1           0  0.20s           2026-05-18T14:58:26
================================================================================
[2026-05-18T14:59:09.053+0000] {manager.py:878} INFO - 
================================================================================
DAG File Processing Stats

File Path                                    PID    Runtime      # DAGs    # Errors  Last Runtime    Last Run
-------------------------------------------  -----  ---------  --------  ----------  --------------  -------------------
/opt/airflow/dags/generate_cost_data_dag.py                           1           0  0.13s           2026-05-18T14:58:57
================================================================================
[2026-05-18T14:59:39.289+0000] {manager.py:878} INFO - 
================================================================================
DAG File Processing Stats

File Path                                    PID    Runtime      # DAGs    # Errors  Last Runtime    Last Run
-------------------------------------------  -----  ---------  --------  ----------  --------------  -------------------
/opt/airflow/dags/generate_cost_data_dag.py                           1           0  0.12s           2026-05-18T14:59:27
================================================================================
[2026-05-18T15:00:09.494+0000] {manager.py:878} INFO - 
================================================================================
DAG File Processing Stats

File Path                                    PID    Runtime      # DAGs    # Errors  Last Runtime    Last Run
-------------------------------------------  -----  ---------  --------  ----------  --------------  -------------------
/opt/airflow/dags/generate_cost_data_dag.py                           1           0  0.14s           2026-05-18T14:59:57
================================================================================
[2026-05-18T15:00:39.741+0000] {manager.py:878} INFO - 
================================================================================
DAG File Processing Stats

File Path                                    PID    Runtime      # DAGs    # Errors  Last Runtime    Last Run
-------------------------------------------  -----  ---------  --------  ----------  --------------  -------------------
/opt/airflow/dags/generate_cost_data_dag.py                           1           0  0.12s           2026-05-18T15:00:27
================================================================================
[2026-05-18T15:01:09.930+0000] {manager.py:878} INFO - 
================================================================================
DAG File Processing Stats

File Path                                    PID    Runtime      # DAGs    # Errors  Last Runtime    Last Run
-------------------------------------------  -----  ---------  --------  ----------  --------------  -------------------
/opt/airflow/dags/generate_cost_data_dag.py                           1           0  0.15s           2026-05-18T15:00:58
================================================================================
[2026-05-18T15:01:40.198+0000] {manager.py:878} INFO - 
================================================================================
DAG File Processing Stats

File Path                                    PID    Runtime      # DAGs    # Errors  Last Runtime    Last Run
-------------------------------------------  -----  ---------  --------  ----------  --------------  -------------------
/opt/airflow/dags/generate_cost_data_dag.py                           1           0  0.12s           2026-05-18T15:01:28
================================================================================
[2026-05-18T15:02:10.359+0000] {manager.py:878} INFO - 
================================================================================
DAG File Processing Stats

File Path                                    PID    Runtime      # DAGs    # Errors  Last Runtime    Last Run
-------------------------------------------  -----  ---------  --------  ----------  --------------  -------------------
/opt/airflow/dags/generate_cost_data_dag.py                           1           0  0.15s           2026-05-18T15:01:58
================================================================================
[2026-05-18T15:02:40.654+0000] {manager.py:878} INFO - 
================================================================================
DAG File Processing Stats

File Path                                    PID    Runtime      # DAGs    # Errors  Last Runtime    Last Run
-------------------------------------------  -----  ---------  --------  ----------  --------------  -------------------
/opt/airflow/dags/generate_cost_data_dag.py                           1           0  0.12s           2026-05-18T15:02:28
================================================================================
[2026-05-18T15:02:50.754+0000] {manager.py:737} INFO - Searching for files in /opt/airflow/dags
[2026-05-18T15:02:50.823+0000] {manager.py:740} INFO - There are 1 files in /opt/airflow/dags
[2026-05-18T15:03:10.794+0000] {manager.py:878} INFO - 
================================================================================
DAG File Processing Stats

File Path                                    PID    Runtime      # DAGs    # Errors  Last Runtime    Last Run
-------------------------------------------  -----  ---------  --------  ----------  --------------  -------------------
/opt/airflow/dags/generate_cost_data_dag.py                           1           0  0.53s           2026-05-18T15:02:59
================================================================================
[2026-05-18T15:03:41.149+0000] {manager.py:878} INFO - 
================================================================================
DAG File Processing Stats

File Path                                    PID    Runtime      # DAGs    # Errors  Last Runtime    Last Run
-------------------------------------------  -----  ---------  --------  ----------  --------------  -------------------
/opt/airflow/dags/generate_cost_data_dag.py                           1           0  0.41s           2026-05-18T15:03:30
================================================================================
[2026-05-18T15:04:11.169+0000] {manager.py:878} INFO - 
================================================================================
DAG File Processing Stats

File Path                                    PID    Runtime      # DAGs    # Errors  Last Runtime    Last Run
-------------------------------------------  -----  ---------  --------  ----------  --------------  -------------------
/opt/airflow/dags/generate_cost_data_dag.py                           1           0  0.49s           2026-05-18T15:04:00
================================================================================
[2026-05-18T15:04:41.570+0000] {manager.py:878} INFO - 
================================================================================
DAG File Processing Stats

File Path                                    PID    Runtime      # DAGs    # Errors  Last Runtime    Last Run
-------------------------------------------  -----  ---------  --------  ----------  --------------  -------------------
/opt/airflow/dags/generate_cost_data_dag.py                           1           0  0.44s           2026-05-18T15:04:31
================================================================================
[2026-05-18T15:05:12.182+0000] {manager.py:878} INFO - 
================================================================================
DAG File Processing Stats

File Path                                    PID    Runtime      # DAGs    # Errors  Last Runtime    Last Run
-------------------------------------------  -----  ---------  --------  ----------  --------------  -------------------
/opt/airflow/dags/generate_cost_data_dag.py                           1           0  0.48s           2026-05-18T15:05:02
================================================================================
[2026-05-18T15:05:42.519+0000] {manager.py:878} INFO - 
================================================================================
DAG File Processing Stats

File Path                                    PID    Runtime      # DAGs    # Errors  Last Runtime    Last Run
-------------------------------------------  -----  ---------  --------  ----------  --------------  -------------------
/opt/airflow/dags/generate_cost_data_dag.py                           1           0  1.07s           2026-05-18T15:05:33
================================================================================
[2026-05-18T15:06:12.636+0000] {manager.py:878} INFO - 
================================================================================
DAG File Processing Stats

File Path                                    PID    Runtime      # DAGs    # Errors  Last Runtime    Last Run
-------------------------------------------  -----  ---------  --------  ----------  --------------  -------------------
/opt/airflow/dags/generate_cost_data_dag.py                           1           0  0.51s           2026-05-18T15:06:04
================================================================================
[2026-05-18T15:06:43.425+0000] {manager.py:878} INFO - 
================================================================================
DAG File Processing Stats

File Path                                    PID    Runtime      # DAGs    # Errors  Last Runtime    Last Run
-------------------------------------------  -----  ---------  --------  ----------  --------------  -------------------
/opt/airflow/dags/generate_cost_data_dag.py                           1           0  0.60s           2026-05-18T15:06:35
================================================================================
[2026-05-18T15:07:14.021+0000] {manager.py:878} INFO - 
================================================================================
DAG File Processing Stats

File Path                                    PID    Runtime      # DAGs    # Errors  Last Runtime    Last Run
-------------------------------------------  -----  ---------  --------  ----------  --------------  -------------------
/opt/airflow/dags/generate_cost_data_dag.py                           1           0  1.01s           2026-05-18T15:07:06
================================================================================
[2026-05-18T15:07:44.456+0000] {manager.py:878} INFO - 
================================================================================
DAG File Processing Stats

File Path                                    PID    Runtime      # DAGs    # Errors  Last Runtime    Last Run
-------------------------------------------  -----  ---------  --------  ----------  --------------  -------------------
/opt/airflow/dags/generate_cost_data_dag.py                           1           0  0.44s           2026-05-18T15:07:37
================================================================================
[2026-05-18T15:07:50.963+0000] {manager.py:737} INFO - Searching for files in /opt/airflow/dags
[2026-05-18T15:07:51.068+0000] {manager.py:740} INFO - There are 1 files in /opt/airflow/dags
[2026-05-18T15:08:14.793+0000] {manager.py:878} INFO - 
================================================================================
DAG File Processing Stats

File Path                                    PID    Runtime      # DAGs    # Errors  Last Runtime    Last Run
-------------------------------------------  -----  ---------  --------  ----------  --------------  -------------------
/opt/airflow/dags/generate_cost_data_dag.py                           1           0  0.37s           2026-05-18T15:08:08
================================================================================
[2026-05-18T15:08:45.192+0000] {manager.py:878} INFO - 
================================================================================
DAG File Processing Stats

File Path                                    PID    Runtime      # DAGs    # Errors  Last Runtime    Last Run
-------------------------------------------  -----  ---------  --------  ----------  --------------  -------------------
/opt/airflow/dags/generate_cost_data_dag.py                           1           0  0.34s           2026-05-18T15:08:39
================================================================================
[2026-05-18T15:09:15.702+0000] {manager.py:878} INFO - 
================================================================================
DAG File Processing Stats

File Path                                    PID    Runtime      # DAGs    # Errors  Last Runtime    Last Run
-------------------------------------------  -----  ---------  --------  ----------  --------------  -------------------
/opt/airflow/dags/generate_cost_data_dag.py                           1           0  0.15s           2026-05-18T15:09:09
================================================================================
[2026-05-18T15:09:45.995+0000] {manager.py:878} INFO - 
================================================================================
DAG File Processing Stats

File Path                                    PID    Runtime      # DAGs    # Errors  Last Runtime    Last Run
-------------------------------------------  -----  ---------  --------  ----------  --------------  -------------------
/opt/airflow/dags/generate_cost_data_dag.py                           1           0  0.14s           2026-05-18T15:09:39
================================================================================
[2026-05-18T15:10:16.324+0000] {manager.py:878} INFO - 
================================================================================
DAG File Processing Stats

File Path                                    PID    Runtime      # DAGs    # Errors  Last Runtime    Last Run
-------------------------------------------  -----  ---------  --------  ----------  --------------  -------------------
/opt/airflow/dags/generate_cost_data_dag.py                           1           0  0.45s           2026-05-18T15:10:10
================================================================================
[2026-05-18T15:10:47.031+0000] {manager.py:878} INFO - 
================================================================================
DAG File Processing Stats

File Path                                    PID    Runtime      # DAGs    # Errors  Last Runtime    Last Run
-------------------------------------------  -----  ---------  --------  ----------  --------------  -------------------
/opt/airflow/dags/generate_cost_data_dag.py                           1           0  0.29s           2026-05-18T15:10:41
================================================================================
[2026-05-18T15:11:17.638+0000] {manager.py:878} INFO - 
================================================================================
DAG File Processing Stats

File Path                                    PID    Runtime      # DAGs    # Errors  Last Runtime    Last Run
-------------------------------------------  -----  ---------  --------  ----------  --------------  -------------------
/opt/airflow/dags/generate_cost_data_dag.py                           1           0  0.28s           2026-05-18T15:11:11
================================================================================
[2026-05-18T15:11:48.041+0000] {manager.py:878} INFO - 
================================================================================
DAG File Processing Stats

File Path                                    PID    Runtime      # DAGs    # Errors  Last Runtime    Last Run
-------------------------------------------  -----  ---------  --------  ----------  --------------  -------------------
/opt/airflow/dags/generate_cost_data_dag.py                           1           0  0.44s           2026-05-18T15:11:42
================================================================================
[2026-05-18T15:12:18.382+0000] {manager.py:878} INFO - 
================================================================================
DAG File Processing Stats

File Path                                    PID    Runtime      # DAGs    # Errors  Last Runtime    Last Run
-------------------------------------------  -----  ---------  --------  ----------  --------------  -------------------
/opt/airflow/dags/generate_cost_data_dag.py                           1           0  0.55s           2026-05-18T15:12:13
================================================================================
[2026-05-18T15:12:48.753+0000] {manager.py:878} INFO - 
================================================================================
DAG File Processing Stats

File Path                                    PID    Runtime      # DAGs    # Errors  Last Runtime    Last Run
-------------------------------------------  -----  ---------  --------  ----------  --------------  -------------------
/opt/airflow/dags/generate_cost_data_dag.py                           1           0  0.47s           2026-05-18T15:12:44
================================================================================
[2026-05-18T15:12:51.232+0000] {manager.py:737} INFO - Searching for files in /opt/airflow/dags
[2026-05-18T15:12:51.278+0000] {manager.py:740} INFO - There are 1 files in /opt/airflow/dags
[2026-05-18T15:13:18.769+0000] {manager.py:878} INFO - 
================================================================================
DAG File Processing Stats

File Path                                    PID    Runtime      # DAGs    # Errors  Last Runtime    Last Run
-------------------------------------------  -----  ---------  --------  ----------  --------------  -------------------
/opt/airflow/dags/generate_cost_data_dag.py                           1           0  0.18s           2026-05-18T15:13:14
================================================================================
[2026-05-18T15:13:48.926+0000] {manager.py:878} INFO - 
================================================================================
DAG File Processing Stats

File Path                                    PID    Runtime      # DAGs    # Errors  Last Runtime    Last Run
-------------------------------------------  -----  ---------  --------  ----------  --------------  -------------------
/opt/airflow/dags/generate_cost_data_dag.py                           1           0  0.19s           2026-05-18T15:13:45
================================================================================
[2026-05-18T15:14:19.267+0000] {manager.py:878} INFO - 
================================================================================
DAG File Processing Stats

File Path                                    PID    Runtime      # DAGs    # Errors  Last Runtime    Last Run
-------------------------------------------  -----  ---------  --------  ----------  --------------  -------------------
/opt/airflow/dags/generate_cost_data_dag.py                           1           0  0.17s           2026-05-18T15:14:15
================================================================================
[2026-05-18T15:14:49.585+0000] {manager.py:878} INFO - 
================================================================================
DAG File Processing Stats

File Path                                    PID    Runtime      # DAGs    # Errors  Last Runtime    Last Run
-------------------------------------------  -----  ---------  --------  ----------  --------------  -------------------
/opt/airflow/dags/generate_cost_data_dag.py                           1           0  0.14s           2026-05-18T15:14:45
================================================================================
[2026-05-18T15:15:19.844+0000] {manager.py:878} INFO - 
================================================================================
DAG File Processing Stats

File Path                                    PID    Runtime      # DAGs    # Errors  Last Runtime    Last Run
-------------------------------------------  -----  ---------  --------  ----------  --------------  -------------------
/opt/airflow/dags/generate_cost_data_dag.py                           1           0  0.11s           2026-05-18T15:15:15
================================================================================
[2026-05-18T15:15:50.008+0000] {manager.py:878} INFO - 
================================================================================
DAG File Processing Stats

File Path                                    PID    Runtime      # DAGs    # Errors  Last Runtime    Last Run
-------------------------------------------  -----  ---------  --------  ----------  --------------  -------------------
/opt/airflow/dags/generate_cost_data_dag.py                           1           0  0.11s           2026-05-18T15:15:46
================================================================================
[2026-05-18T15:16:20.234+0000] {manager.py:878} INFO - 
================================================================================
DAG File Processing Stats

File Path                                    PID    Runtime      # DAGs    # Errors  Last Runtime    Last Run
-------------------------------------------  -----  ---------  --------  ----------  --------------  -------------------
/opt/airflow/dags/generate_cost_data_dag.py                           1           0  0.12s           2026-05-18T15:16:16
================================================================================
[2026-05-18T15:16:50.393+0000] {manager.py:878} INFO - 
================================================================================
DAG File Processing Stats

File Path                                    PID    Runtime      # DAGs    # Errors  Last Runtime    Last Run
-------------------------------------------  -----  ---------  --------  ----------  --------------  -------------------
/opt/airflow/dags/generate_cost_data_dag.py                           1           0  0.13s           2026-05-18T15:16:46
================================================================================
[2026-05-18T15:17:20.633+0000] {manager.py:878} INFO - 
================================================================================
DAG File Processing Stats

File Path                                    PID    Runtime      # DAGs    # Errors  Last Runtime    Last Run
-------------------------------------------  -----  ---------  --------  ----------  --------------  -------------------
/opt/airflow/dags/generate_cost_data_dag.py                           1           0  0.10s           2026-05-18T15:17:16
================================================================================
[2026-05-18T15:17:50.812+0000] {manager.py:878} INFO - 
================================================================================
DAG File Processing Stats

File Path                                    PID    Runtime      # DAGs    # Errors  Last Runtime    Last Run
-------------------------------------------  -----  ---------  --------  ----------  --------------  -------------------
/opt/airflow/dags/generate_cost_data_dag.py                           1           0  0.11s           2026-05-18T15:17:46
================================================================================
[2026-05-18T15:17:51.816+0000] {manager.py:737} INFO - Searching for files in /opt/airflow/dags
[2026-05-18T15:17:51.827+0000] {manager.py:740} INFO - There are 1 files in /opt/airflow/dags
[2026-05-18T15:18:21.034+0000] {manager.py:878} INFO - 
================================================================================
DAG File Processing Stats

File Path                                    PID    Runtime      # DAGs    # Errors  Last Runtime    Last Run
-------------------------------------------  -----  ---------  --------  ----------  --------------  -------------------
/opt/airflow/dags/generate_cost_data_dag.py                           1           0  0.11s           2026-05-18T15:18:17
================================================================================
[2026-05-18T15:18:51.211+0000] {manager.py:878} INFO - 
================================================================================
DAG File Processing Stats

File Path                                    PID    Runtime      # DAGs    # Errors  Last Runtime    Last Run
-------------------------------------------  -----  ---------  --------  ----------  --------------  -------------------
/opt/airflow/dags/generate_cost_data_dag.py                           1           0  0.12s           2026-05-18T15:18:47
================================================================================
[2026-05-18T15:19:21.505+0000] {manager.py:878} INFO - 
================================================================================
DAG File Processing Stats

File Path                                    PID    Runtime      # DAGs    # Errors  Last Runtime    Last Run
-------------------------------------------  -----  ---------  --------  ----------  --------------  -------------------
/opt/airflow/dags/generate_cost_data_dag.py                           1           0  0.26s           2026-05-18T15:19:17
================================================================================
[2026-05-18T15:19:51.957+0000] {manager.py:878} INFO - 
================================================================================
DAG File Processing Stats

File Path                                    PID    Runtime      # DAGs    # Errors  Last Runtime    Last Run
-------------------------------------------  -----  ---------  --------  ----------  --------------  -------------------
/opt/airflow/dags/generate_cost_data_dag.py                           1           0  0.38s           2026-05-18T15:19:48
================================================================================
[2026-05-18T15:20:22.383+0000] {manager.py:878} INFO - 
================================================================================
DAG File Processing Stats

File Path                                    PID    Runtime      # DAGs    # Errors  Last Runtime    Last Run
-------------------------------------------  -----  ---------  --------  ----------  --------------  -------------------
/opt/airflow/dags/generate_cost_data_dag.py                           1           0  1.54s           2026-05-18T15:20:19
================================================================================
[2026-05-18T15:20:53.057+0000] {manager.py:878} INFO - 
================================================================================
DAG File Processing Stats

File Path                                    PID    Runtime      # DAGs    # Errors  Last Runtime    Last Run
-------------------------------------------  -----  ---------  --------  ----------  --------------  -------------------
/opt/airflow/dags/generate_cost_data_dag.py                           1           0  0.30s           2026-05-18T15:20:50
================================================================================
[2026-05-18T15:21:23.591+0000] {manager.py:878} INFO - 
================================================================================
DAG File Processing Stats

File Path                                    PID    Runtime      # DAGs    # Errors  Last Runtime    Last Run
-------------------------------------------  -----  ---------  --------  ----------  --------------  -------------------
/opt/airflow/dags/generate_cost_data_dag.py                           1           0  0.23s           2026-05-18T15:21:20
================================================================================
[2026-05-18T15:21:54.055+0000] {manager.py:878} INFO - 
================================================================================
DAG File Processing Stats

File Path                                    PID    Runtime      # DAGs    # Errors  Last Runtime    Last Run
-------------------------------------------  -----  ---------  --------  ----------  --------------  -------------------
/opt/airflow/dags/generate_cost_data_dag.py                           1           0  0.31s           2026-05-18T15:21:51
================================================================================
[2026-05-18T15:22:24.437+0000] {manager.py:878} INFO - 
================================================================================
DAG File Processing Stats

File Path                                    PID    Runtime      # DAGs    # Errors  Last Runtime    Last Run
-------------------------------------------  -----  ---------  --------  ----------  --------------  -------------------
/opt/airflow/dags/generate_cost_data_dag.py                           1           0  0.49s           2026-05-18T15:22:21
================================================================================
[2026-05-18T15:22:52.075+0000] {manager.py:737} INFO - Searching for files in /opt/airflow/dags
[2026-05-18T15:22:52.114+0000] {manager.py:740} INFO - There are 1 files in /opt/airflow/dags
[2026-05-18T15:22:54.652+0000] {manager.py:878} INFO - 
================================================================================
DAG File Processing Stats

File Path                                    PID    Runtime      # DAGs    # Errors  Last Runtime    Last Run
-------------------------------------------  -----  ---------  --------  ----------  --------------  -------------------
/opt/airflow/dags/generate_cost_data_dag.py                           1           0  0.93s           2026-05-18T15:22:53
================================================================================
[2026-05-18T15:23:25.274+0000] {manager.py:878} INFO - 
================================================================================
DAG File Processing Stats

File Path                                    PID    Runtime      # DAGs    # Errors  Last Runtime    Last Run
-------------------------------------------  -----  ---------  --------  ----------  --------------  -------------------
/opt/airflow/dags/generate_cost_data_dag.py                           1           0  0.24s           2026-05-18T15:23:23
================================================================================
[2026-05-18T15:23:55.710+0000] {manager.py:878} INFO - 
================================================================================
DAG File Processing Stats

File Path                                    PID    Runtime      # DAGs    # Errors  Last Runtime    Last Run
-------------------------------------------  -----  ---------  --------  ----------  --------------  -------------------
/opt/airflow/dags/generate_cost_data_dag.py                           1           0  0.33s           2026-05-18T15:23:54
================================================================================
[2026-05-18T15:24:26.241+0000] {manager.py:878} INFO - 
================================================================================
DAG File Processing Stats

File Path                                    PID    Runtime      # DAGs    # Errors  Last Runtime    Last Run
-------------------------------------------  -----  ---------  --------  ----------  --------------  -------------------
/opt/airflow/dags/generate_cost_data_dag.py                           1           0  0.15s           2026-05-18T15:24:24
================================================================================
[2026-05-18T15:24:56.517+0000] {manager.py:878} INFO - 
================================================================================
DAG File Processing Stats

File Path                                    PID    Runtime      # DAGs    # Errors  Last Runtime    Last Run
-------------------------------------------  -----  ---------  --------  ----------  --------------  -------------------
/opt/airflow/dags/generate_cost_data_dag.py                           1           0  0.35s           2026-05-18T15:24:54
================================================================================
[2026-05-18T15:25:27.006+0000] {manager.py:878} INFO - 
================================================================================
DAG File Processing Stats

File Path                                    PID    Runtime      # DAGs    # Errors  Last Runtime    Last Run
-------------------------------------------  -----  ---------  --------  ----------  --------------  -------------------
/opt/airflow/dags/generate_cost_data_dag.py                           1           0  0.25s           2026-05-18T15:25:25
================================================================================
[2026-05-18T15:25:57.393+0000] {manager.py:878} INFO - 
================================================================================
DAG File Processing Stats

File Path                                    PID    Runtime      # DAGs    # Errors  Last Runtime    Last Run
-------------------------------------------  -----  ---------  --------  ----------  --------------  -------------------
/opt/airflow/dags/generate_cost_data_dag.py                           1           0  0.12s           2026-05-18T15:25:55
================================================================================
[2026-05-18T15:26:27.625+0000] {manager.py:878} INFO - 
================================================================================
DAG File Processing Stats

File Path                                    PID    Runtime      # DAGs    # Errors  Last Runtime    Last Run
-------------------------------------------  -----  ---------  --------  ----------  --------------  -------------------
/opt/airflow/dags/generate_cost_data_dag.py                           1           0  0.10s           2026-05-18T15:26:25
================================================================================
[2026-05-18T15:26:57.789+0000] {manager.py:878} INFO - 
================================================================================
DAG File Processing Stats

File Path                                    PID    Runtime      # DAGs    # Errors  Last Runtime    Last Run
-------------------------------------------  -----  ---------  --------  ----------  --------------  -------------------
/opt/airflow/dags/generate_cost_data_dag.py                           1           0  0.26s           2026-05-18T15:26:56
================================================================================
[2026-05-18T15:27:28.171+0000] {manager.py:878} INFO - 
================================================================================
DAG File Processing Stats

File Path                                    PID    Runtime      # DAGs    # Errors  Last Runtime    Last Run
-------------------------------------------  -----  ---------  --------  ----------  --------------  -------------------
/opt/airflow/dags/generate_cost_data_dag.py                           1           0  0.23s           2026-05-18T15:27:26
================================================================================
[2026-05-18T15:27:52.273+0000] {manager.py:737} INFO - Searching for files in /opt/airflow/dags
[2026-05-18T15:27:52.285+0000] {manager.py:740} INFO - There are 1 files in /opt/airflow/dags
[2026-05-18T15:27:58.532+0000] {manager.py:878} INFO - 
================================================================================
DAG File Processing Stats

File Path                                    PID    Runtime      # DAGs    # Errors  Last Runtime    Last Run
-------------------------------------------  -----  ---------  --------  ----------  --------------  -------------------
/opt/airflow/dags/generate_cost_data_dag.py                           1           0  0.26s           2026-05-18T15:27:56
================================================================================
[2026-05-18T15:28:29.162+0000] {manager.py:878} INFO - 
================================================================================
DAG File Processing Stats

File Path                                    PID    Runtime      # DAGs    # Errors  Last Runtime    Last Run
-------------------------------------------  -----  ---------  --------  ----------  --------------  -------------------
/opt/airflow/dags/generate_cost_data_dag.py                           1           0  0.11s           2026-05-18T15:28:27
================================================================================
[2026-05-18T15:28:59.378+0000] {manager.py:878} INFO - 
================================================================================
DAG File Processing Stats

File Path                                    PID    Runtime      # DAGs    # Errors  Last Runtime    Last Run
-------------------------------------------  -----  ---------  --------  ----------  --------------  -------------------
/opt/airflow/dags/generate_cost_data_dag.py                           1           0  0.12s           2026-05-18T15:28:57
================================================================================
[2026-05-18T15:29:29.543+0000] {manager.py:878} INFO - 
================================================================================
DAG File Processing Stats

File Path                                    PID    Runtime      # DAGs    # Errors  Last Runtime    Last Run
-------------------------------------------  -----  ---------  --------  ----------  --------------  -------------------
/opt/airflow/dags/generate_cost_data_dag.py                           1           0  0.13s           2026-05-18T15:29:27
================================================================================
[2026-05-18T15:29:59.773+0000] {manager.py:878} INFO - 
================================================================================
DAG File Processing Stats

File Path                                    PID    Runtime      # DAGs    # Errors  Last Runtime    Last Run
-------------------------------------------  -----  ---------  --------  ----------  --------------  -------------------
/opt/airflow/dags/generate_cost_data_dag.py                           1           0  0.11s           2026-05-18T15:29:57
================================================================================
[2026-05-18T15:30:29.928+0000] {manager.py:878} INFO - 
================================================================================
DAG File Processing Stats

File Path                                    PID    Runtime      # DAGs    # Errors  Last Runtime    Last Run
-------------------------------------------  -----  ---------  --------  ----------  --------------  -------------------
/opt/airflow/dags/generate_cost_data_dag.py                           1           0  0.11s           2026-05-18T15:30:28
================================================================================
[2026-05-18T15:31:00.140+0000] {manager.py:878} INFO - 
================================================================================
DAG File Processing Stats

File Path                                    PID    Runtime      # DAGs    # Errors  Last Runtime    Last Run
-------------------------------------------  -----  ---------  --------  ----------  --------------  -------------------
/opt/airflow/dags/generate_cost_data_dag.py                           1           0  0.12s           2026-05-18T15:30:58
================================================================================
[2026-05-18T15:31:30.309+0000] {manager.py:878} INFO - 
================================================================================
DAG File Processing Stats

File Path                                    PID    Runtime      # DAGs    # Errors  Last Runtime    Last Run
-------------------------------------------  -----  ---------  --------  ----------  --------------  -------------------
/opt/airflow/dags/generate_cost_data_dag.py                           1           0  0.11s           2026-05-18T15:31:28
================================================================================
[2026-05-18T15:32:00.510+0000] {manager.py:878} INFO - 
================================================================================
DAG File Processing Stats

File Path                                    PID    Runtime      # DAGs    # Errors  Last Runtime    Last Run
-------------------------------------------  -----  ---------  --------  ----------  --------------  -------------------
/opt/airflow/dags/generate_cost_data_dag.py                           1           0  0.11s           2026-05-18T15:31:58
================================================================================
[2026-05-18T15:32:30.683+0000] {manager.py:878} INFO - 
================================================================================
DAG File Processing Stats

File Path                                    PID    Runtime      # DAGs    # Errors  Last Runtime    Last Run
-------------------------------------------  -----  ---------  --------  ----------  --------------  -------------------
/opt/airflow/dags/generate_cost_data_dag.py                           1           0  0.11s           2026-05-18T15:32:28
================================================================================
[2026-05-18T15:32:52.789+0000] {manager.py:737} INFO - Searching for files in /opt/airflow/dags
[2026-05-18T15:32:52.804+0000] {manager.py:740} INFO - There are 1 files in /opt/airflow/dags
[2026-05-18T15:33:00.890+0000] {manager.py:878} INFO - 
================================================================================
DAG File Processing Stats

File Path                                    PID    Runtime      # DAGs    # Errors  Last Runtime    Last Run
-------------------------------------------  -----  ---------  --------  ----------  --------------  -------------------
/opt/airflow/dags/generate_cost_data_dag.py                           1           0  0.11s           2026-05-18T15:32:58
================================================================================
[2026-05-18T15:33:31.088+0000] {manager.py:878} INFO - 
================================================================================
DAG File Processing Stats

File Path                                    PID    Runtime      # DAGs    # Errors  Last Runtime    Last Run
-------------------------------------------  -----  ---------  --------  ----------  --------------  -------------------
/opt/airflow/dags/generate_cost_data_dag.py                           1           0  0.12s           2026-05-18T15:33:29
================================================================================
[2026-05-18T15:34:01.276+0000] {manager.py:878} INFO - 
================================================================================
DAG File Processing Stats

File Path                                    PID    Runtime      # DAGs    # Errors  Last Runtime    Last Run
-------------------------------------------  -----  ---------  --------  ----------  --------------  -------------------
/opt/airflow/dags/generate_cost_data_dag.py                           1           0  0.12s           2026-05-18T15:33:59
================================================================================
[2026-05-18T15:34:31.478+0000] {manager.py:878} INFO - 
================================================================================
DAG File Processing Stats

File Path                                    PID    Runtime      # DAGs    # Errors  Last Runtime    Last Run
-------------------------------------------  -----  ---------  --------  ----------  --------------  -------------------
/opt/airflow/dags/generate_cost_data_dag.py                           1           0  0.13s           2026-05-18T15:34:29
================================================================================
[2026-05-18T15:35:01.673+0000] {manager.py:878} INFO - 
================================================================================
DAG File Processing Stats

File Path                                    PID    Runtime      # DAGs    # Errors  Last Runtime    Last Run
-------------------------------------------  -----  ---------  --------  ----------  --------------  -------------------
/opt/airflow/dags/generate_cost_data_dag.py                           1           0  0.15s           2026-05-18T15:34:59
================================================================================
[2026-05-18T15:35:31.894+0000] {manager.py:878} INFO - 
================================================================================
DAG File Processing Stats

File Path                                    PID    Runtime      # DAGs    # Errors  Last Runtime    Last Run
-------------------------------------------  -----  ---------  --------  ----------  --------------  -------------------
/opt/airflow/dags/generate_cost_data_dag.py                           1           0  0.12s           2026-05-18T15:35:29
================================================================================
[2026-05-18T15:35:38.456+0000] {manager.py:452} INFO - Exiting gracefully upon receiving signal 15
